game_id,season,week,start_time,venue,home_team,away_team,home_points,away_points,city,state,latitude,longitude
401218616,2020,1,2020-08-30T01:00:00.000Z,Cramton Bowl,Central Arkansas,Austin Peay,24,17,Montgomery,AL,32.37949,-86.293002
401238035,2020,1,2020-09-04T00:00:00.000Z,Legion Field,UAB,Central Arkansas,45,35,Birmingham,AL,33.511389,-86.842778
401207101,2020,1,2020-09-04T01:00:00.000Z,M. M. Roberts Stadium,Southern Miss,South Alabama,21,32,Hattiesburg,MS,31.3289321,-89.3318118
401237353,2020,1,2020-09-05T17:00:00.000Z,Joan C. Edwards Stadium,Marshall,Eastern Kentucky,59,0,Huntington,WV,38.4247042,-82.4214412
401235700,2020,1,2020-09-05T17:30:00.000Z,Michie Stadium,Army,Middle Tennessee,42,0,West Point,NY,41.3874924,-73.9640891
401212484,2020,1,2020-09-05T20:30:00.000Z,Bobcat Stadium (TX),Texas State,SMU,24,31,San Marcos,TX,29.8910008,-97.9255735
401207098,2020,1,2020-09-05T23:30:00.000Z,DATCU Stadium,North Texas,Houston Christian,57,31,Denton,TX,33.203899,-97.159245
401212553,2020,1,2020-09-06T00:00:00.000Z,Simmons Bank Liberty Stadium,Memphis,Arkansas State,37,24,Memphis,TN,35.1209429,-89.977147
401239884,2020,1,2020-09-06T01:00:00.000Z,Sun Bowl,UTEP,Stephen F. Austin,24,14,El Paso,TX,31.7733353,-106.507957
401234576,2020,1,2020-09-08T00:00:00.000Z,Navy-Marine Corps Memorial Stadium,Navy,BYU,3,55,Annapolis,MD,38.9846985,-76.5076335
401234559,2020,2,2020-09-11T00:00:00.000Z,Hard Rock Stadium,Miami,UAB,31,14,Miami Gardens,FL,25.9579665,-80.2388604
401236221,2020,2,2020-09-12T16:00:00.000Z,Jack Trice Stadium,Iowa State,Louisiana,14,31,Ames,IA,42.0139977,-93.6357716
401236053,2020,2,2020-09-12T16:00:00.000Z,Bill Snyder Family Stadium,Kansas State,Arkansas State,31,35,Manhattan,KS,39.2020096,-96.5938395
401234565,2020,2,2020-09-12T16:00:00.000Z,Kenan Stadium,North Carolina,Syracuse,31,6,Chapel Hill,NC,35.9069294,-79.0478889
401236081,2020,2,2020-09-12T16:00:00.000Z,Kidd Brewer Stadium,App State,Charlotte,35,20,Boone,NC,36.2114267,-81.6854278
401236038,2020,2,2020-09-12T16:00:00.000Z,Milan Puskar Stadium,West Virginia,Eastern Kentucky,56,10,Morgantown,WV,39.6502744,-79.9551873
401240113,2020,2,2020-09-12T17:30:00.000Z,Michie Stadium,Army,UL Monroe,37,7,West Point,NY,41.3874924,-73.9640891
401234574,2020,2,2020-09-12T18:30:00.000Z,Notre Dame Stadium,Notre Dame,Duke,27,13,Notre Dame,IN,41.698378,-86.2339425
401207113,2020,2,2020-09-12T19:30:00.000Z,Bobcat Stadium (TX),Texas State,UTSA,48,51,San Marcos,TX,29.8910008,-97.9255735
401240233,2020,2,2020-09-12T20:00:00.000Z,Acrisure Stadium,Pittsburgh,Austin Peay,55,0,Pittsburgh,PA,40.4467648,-80.0157603
401234563,2020,2,2020-09-12T20:00:00.000Z,Doak Campbell Stadium,Florida State,Georgia Tech,13,16,Tallahassee,FL,30.4381692,-84.3044032
401215298,2020,2,2020-09-12T20:14:00.000Z,Allen E. Paulson Stadium,Georgia Southern,Campbell,27,26,Statesboro,GA,32.4122471,-81.7849296
401240039,2020,2,2020-09-12T23:00:00.000Z,Raymond James Stadium,South Florida,The Citadel,27,6,Tampa,FL,27.9758691,-82.5033344
401236054,2020,2,2020-09-12T23:00:00.000Z,"Memorial Stadium (Norman, OK)",Oklahoma,Missouri State,48,0,Norman,OK,35.2058537,-97.4423145
401239973,2020,2,2020-09-12T23:30:00.000Z,Hancock Whitney Stadium,South Alabama,Tulane,24,27,Mobile,AL,30.6943566,-88.0430541
401234562,2020,2,2020-09-12T23:30:00.000Z,Allegacy Federal Credit Union Stadium,Wake Forest,Clemson,13,37,Winston-Salem,NC,36.1305507,-80.2545851
401234564,2020,2,2020-09-13T00:00:00.000Z,L&N Federal Credit Union Stadium,Louisville,Western Kentucky,35,21,Louisville,KY,38.2057621,-85.7588141
401236039,2020,2,2020-09-13T00:00:00.000Z,Jones AT&T Stadium,Texas Tech,Houston Christian,35,33,Lubbock,TX,33.5910518,-101.8728824
401236222,2020,2,2020-09-13T00:00:00.000Z,DKR-Texas Memorial Stadium,Texas,UTEP,59,3,Austin,TX,30.2836813,-97.7325345
401236658,2020,2,2020-09-13T02:00:00.000Z,Memorial Stadium,Kansas,Coastal Carolina,23,38,Terre Haute,IN,39.4746858,-87.3669599
401236658,2020,2,2020-09-13T02:00:00.000Z,Memorial Stadium,Kansas,Coastal Carolina,23,38,Lawrence,KS,38.9629418,-95.2463686
401236658,2020,2,2020-09-13T02:00:00.000Z,Memorial Stadium,Kansas,Coastal Carolina,23,38,Columbia,MO,38.9358491,-92.3332009
401282714,2021,1,2021-08-28T17:20:00.000Z,"Memorial Stadium (Champaign, IL)",Illinois,Nebraska,30,22,Champaign,IL,40.0993268,-88.2359569
401286187,2021,1,2021-08-28T18:00:00.000Z,Valley Children's Stadium,Fresno State,UConn,45,0,Fresno,CA,36.8143527,-119.7580092
401329133,2021,1,2021-08-28T19:00:00.000Z,Ohio Stadium,Central State (OH),Kentucky State,6,20,Columbus,OH,40.0016447,-83.0197266
401309833,2021,1,2021-08-28T19:30:00.000Z,Rose Bowl,UCLA,Hawai'i,44,10,Pasadena,CA,34.1613284,-118.1676462
401328337,2021,1,2021-08-28T22:00:00.000Z,Memorial Stadium,Indiana State,Eastern Illinois,26,21,Terre Haute,IN,39.4746858,-87.3669599
401328337,2021,1,2021-08-28T22:00:00.000Z,Memorial Stadium,Indiana State,Eastern Illinois,26,21,Lawrence,KS,38.9629418,-95.2463686
401328337,2021,1,2021-08-28T22:00:00.000Z,Memorial Stadium,Indiana State,Eastern Illinois,26,21,Columbia,MO,38.9358491,-92.3332009
401327539,2021,1,2021-08-28T23:00:00.000Z,Center Parc Stadium,North Carolina Central,Alcorn State,23,14,Atlanta,GA,33.735267,-84.389949
401282049,2021,1,2021-08-29T01:30:00.000Z,Aggie Memorial Stadium,New Mexico State,UTEP,3,30,Las Cruces,NM,32.2796202,-106.7411148
401310693,2021,1,2021-08-29T02:00:00.000Z,CEFCU Stadium,San José State,Southern Utah,45,14,San Jose,CA,37.3196675,-121.8682962
401282050,2021,1,2021-09-01T23:30:00.000Z,Cramton Bowl,Jacksonville State,UAB,0,31,Montgomery,AL,32.37949,-86.293002
401328989,2021,1,2021-09-02T22:00:00.000Z,Tom Adams Field,Wayne State (MI),Slippery Rock,21,24,Detroit,MI,42.3315509,-83.0466403
401328215,2021,1,2021-09-02T22:00:00.000Z,Irwin Belk Stadium,Wingate,Shaw,30,7,Wingate,NC,34.9843176,-80.4492319
401328204,2021,1,2021-09-02T22:00:00.000Z,Kenneth P. LaValle Stadium,Stony Brook,New Hampshire,21,27,Stony Brook,NY,40.9188829,-73.1242966
401328175,2021,1,2021-09-02T23:00:00.000Z,Alfond Stadium,Maine,Delaware,24,34,Orono,ME,44.905128,-68.6724718
401332315,2021,1,2021-09-02T23:00:00.000Z,Drake Stadium,Drake,West Virginia Wesleyan,45,3,Des Moines,IA,41.605,-93.655
401357797,2021,1,2021-09-02T23:00:00.000Z,Five Star Stadium at the Moye Complex,Mercer,Point University,69,0,Macon,GA,32.8262075,-83.6522485
401328458,2021,1,2021-09-02T23:00:00.000Z,Seibert Stadium,Samford,Tennessee Tech,52,14,Homewood,AL,33.463273,-86.795326
401328388,2021,1,2021-09-02T23:00:00.000Z,Stambaugh Stadium,Youngstown State,Incarnate Word,44,41,Youngstown,OH,41.1092964,-80.6501885
401337471,2021,1,2021-09-02T23:00:00.000Z,West Family Stadium,West Liberty,Walsh,6,27,Wheeling,WV,40.0639616,-80.7209149
401334787,2021,1,2021-09-02T23:00:00.000Z,Duvall-Rosier Field,Fairmont State,PennWest California,14,23,Fairmont,WV,39.4850848,-80.1425781
401334786,2021,1,2021-09-02T23:00:00.000Z,"Memorial Stadium (Wayne, NE)",Wayne State (NE),University of Mary,34,27,Wayne,NE,42.1941294,-97.169623
401334756,2021,1,2021-09-02T23:00:00.000Z,Steele Stadium,Kentucky Wesleyan,Frostburg State,13,20,Owensboro,KY,37.742297,-87.119976
401329689,2021,1,2021-09-02T23:00:00.000Z,Harms-Eischeid Stadium,Upper Iowa University,Minnesota Duluth,14,41,Fayette,IA,42.8420766,-91.850265
401329651,2021,1,2021-09-02T23:00:00.000Z,Meares Stadium,Mars Hill,Chowan,24,30,Mars Hill,NC,35.82685585,-82.55057686987725
401329503,2021,1,2021-09-02T23:00:00.000Z,Bob Young Field,Sioux Falls,Bemidji State,16,24,Sioux Falls,SD,43.5488256,-96.7307737
401329491,2021,1,2021-09-02T23:00:00.000Z,Blakeslee Stadium,Minnesota State Mankato,Northern State,40,34,Mankato,MN,44.1634663,-93.9993505
401329443,2021,1,2021-09-02T23:00:00.000Z,Dwight T. Reed Stadium,Lincoln (MO),Washburn,12,76,Jefferson City,MO,38.577359,-92.1724265
401329425,2021,1,2021-09-02T23:00:00.000Z,Chryst Field at Biemesderfer Stadium,Millersville,American International,9,14,Millersville,PA,39.997998,-76.3545372
401329357,2021,1,2021-09-02T23:00:00.000Z,Panther Stadium (OH),Ohio Dominican,Shepherd,30,35,Columbus,OH,39.9622601,-83.0007065
401329270,2021,1,2021-09-02T23:00:00.000Z,Offutt Field,Seton Hill,Wheeling,16,14,Greensburg,PA,40.3014581,-79.5389289
401329056,2021,1,2021-09-02T23:00:00.000Z,Burke-Tarr Stadium,Carson-Newman College,West Georgia,7,45,Jefferson City,TN,36.122311,-83.4923961
401328545,2021,1,2021-09-02T23:00:00.000Z,Brooks Stadium (SC),Coastal Carolina,The Citadel,52,14,Conway,SC,33.7928506,-79.0166946
401309542,2021,1,2021-09-02T23:00:00.000Z,UB Stadium,Buffalo,Wagner,69,7,Amherst,NY,42.9991334,-78.7775113
401300995,2021,1,2021-09-02T23:00:00.000Z,FBC Mortgage Stadium,UCF,Boise State,36,31,Orlando,FL,28.6079765,-81.1927233
401329020,2021,1,2021-09-02T23:00:00.000Z,Robinson-Hale Stadium,Mississippi College,Albany State GA,0,24,Clinton,MS,32.3410552,-90.3215983
401329015,2021,1,2021-09-02T23:00:00.000Z,Parker Field at McCool Stadium,Delta State,Bethel University Tennessee,48,14,Cleveland,MS,33.7440023,-90.7248187
401328973,2021,1,2021-09-02T23:00:00.000Z,Hantz Stadium,Northwood (MI),Gannon,21,28,Midland,MI,43.6155825,-84.2472117
401328605,2021,1,2021-09-02T23:00:00.000Z,Hunter Stadium,Lindenwood,Angelo State,20,40,Saint Charles,MO,38.7946252,-90.519829
401328466,2021,1,2021-09-02T23:00:00.000Z,Cliff Harris Stadium,Ouachita Baptist,Oklahoma Baptist,38,31,Arkadelphia,AR,34.1209292,-93.053784
401328432,2021,1,2021-09-02T23:00:00.000Z,Ranger Field,Northwestern Oklahoma State,Southern Arkansas,13,32,Alva,OK,36.8030501,-98.6660278
401328397,2021,1,2021-09-02T23:00:00.000Z,Milam Stadium,Southwestern Oklahoma State,Henderson State,13,31,Weatherford,OK,35.5261633,-98.7075744
401328309,2021,1,2021-09-02T23:00:00.000Z,Convoy Leslie Cotton Boll Stadium,Arkansas-Monticello,Southern Nazarene,30,23,Monticello,AR,33.6293427,-91.7912327
401328276,2021,1,2021-09-02T23:00:00.000Z,Thone Stadium at Buerkle Field,Arkansas Tech,Southeastern Oklahoma State,20,38,Russellville,AR,35.2784173,-93.1337856
401309540,2021,1,2021-09-02T23:00:00.000Z,Scheumann Stadium,Ball State,Western Illinois,31,21,Muncie,IN,40.2159422,-85.4161148
401329660,2021,1,2021-09-02T23:05:00.000Z,Eiler-Martin Stadium,East Stroudsburg University,Pace,35,14,East Stroudsburg,PA,40.9995386,-75.1812913
401328768,2021,1,2021-09-02T23:30:00.000Z,Top Taggart Field,Ferris State,Findlay,54,14,Big Rapids,MI,43.698078,-85.483656
401300994,2021,1,2021-09-02T23:30:00.000Z,Chapman Stadium,Tulsa,UC Davis,17,19,Tulsa,OK,36.1489175,-95.9437853
401282607,2021,1,2021-09-02T23:30:00.000Z,Carter-Finley Stadium,NC State,South Florida,45,0,Raleigh,NC,35.8008001,-78.7195655
401300993,2021,1,2021-09-02T23:30:00.000Z,Kidd Brewer Stadium,App State,East Carolina,33,19,Boone,NC,36.2114267,-81.6854278
401328404,2021,1,2021-09-02T23:30:00.000Z,Finley Stadium,Chattanooga,Austin Peay,20,30,Chattanooga,TN,35.0363792,-85.3158835
401328383,2021,1,2021-09-02T23:30:00.000Z,Houck Field,Southeast Missouri State,Southern Illinois,21,47,Cape Girardeau,MO,37.3034933,-89.5230357
401309834,2021,1,2021-09-02T23:30:00.000Z,Rice-Eccles Stadium,Utah,Weber State,40,17,Salt Lake City,UT,40.7599724,-111.8488255
401329312,2021,1,2021-09-03T00:00:00.000Z,Ralph Stocker Stadium,Colorado Mesa,William Jewell,40,3,Grand Junction,CO,39.063956,-108.5507317
401330245,2021,1,2021-09-03T00:00:00.000Z,Al Whitehead Field at Greyhound Stadium,Eastern New Mexico,Central Washington,24,66,Portales,NM,34.1861922,-103.334397
401329037,2021,1,2021-09-03T00:00:00.000Z,Schwan Regional Event Center,Southwest Minnesota State,Minnesota State Moorhead,21,33,Marshall,MN,48.3605336,-96.381968
401328138,2021,1,2021-09-03T00:00:00.000Z,Fifth Third Stadium,Kennesaw State,Reinhardt University,35,25,Kennesaw,GA,34.0289318,-84.5676234
401282789,2021,1,2021-09-03T00:00:00.000Z,Huntington Bank Stadium,Minnesota,Ohio State,31,45,Minneapolis,MN,44.976525,-93.2245462
401329374,2021,1,2021-09-03T00:00:00.000Z,Wantland Stadium,Central Oklahoma,Missouri Western,24,20,Edmond,OK,35.6571367,-97.4649038
401329058,2021,1,2021-09-03T00:00:00.000Z,Altra Federal Credit Union Stadium,Winona State,Concordia University St Paul,47,6,Winona,MN,43.9582272,-91.7807784
401328681,2021,1,2021-09-03T00:00:00.000Z,O'Harra Stadium,South Dakota Mines,Missouri S&T,34,31,Rapid City,SD,44.0869329,-103.2274481
401329340,2021,1,2021-09-03T00:00:00.000Z,Audrey J. Walton Stadium at Vernon Kennedy Field,Central Missouri,Pittsburg St,16,35,Warrensburg,MO,38.7624373,-93.7409596
401329456,2021,1,2021-09-03T00:00:00.000Z,Ron & Carol Cope Stadium at Foster Field,Nebraska-Kearney,Missouri Southern State,38,0,Kearney,NE,40.4906216,-98.9472344
401329404,2021,1,2021-09-03T00:00:00.000Z,Lewis Field Stadium,Fort Hays State,Northwest Missouri St,7,15,Hays,KS,38.8791783,-99.3267702
401329048,2021,1,2021-09-03T00:00:00.000Z,Marv Kay Stadium at Campbell Field,Colorado School Of Mines,Western Oregon,42,3,Golden,CO,39.7546349,-105.2205809
401310696,2021,1,2021-09-03T00:00:00.000Z,University Stadium (NM),New Mexico,Houston Christian,27,17,Albuquerque,NM,35.0669479,-106.6283225
401282180,2021,1,2021-09-03T00:00:00.000Z,Houchens Industries-L.T. Smith Stadium,Western Kentucky,UT Martin,59,21,Bowling Green,KY,36.9847901,-86.4594041
401328420,2021,1,2021-09-03T00:00:00.000Z,Roy Stewart Stadium,Murray State,Mississippi Valley State,35,0,Murray,KY,36.6215165,-88.3175531
401281952,2021,1,2021-09-03T00:00:00.000Z,Neyland Stadium,Tennessee,Bowling Green,38,6,Knoxville,TN,35.9550131,-83.9250128
401329153,2021,1,2021-09-03T00:00:00.000Z,Neta and Eddie DeRose ThunderBowl,CSU Pueblo,East Texas A&M,6,12,Pueblo,CO,38.2544472,-104.609141
401282051,2021,1,2021-09-03T00:05:00.000Z,FIU Stadium,Florida International,Long Island University,48,10,Miami,FL,25.7525014,-80.3778912
401328011,2021,1,2021-09-03T01:00:00.000Z,Walkup Skydome,Northern Arizona,Sam Houston,16,42,Flagstaff,AZ,35.1805483,-111.6528377
401329450,2021,1,2021-09-03T01:00:00.000Z,Buffalo Stadium,West Texas A&M,Texas College,73,0,Canyon,TX,34.9799429,-101.919197
401310694,2021,1,2021-09-03T02:00:00.000Z,Allegiant Stadium,UNLV,Eastern Washington,33,35,Las Vegas,NV,36.1672559,-115.1485163
401309835,2021,1,2021-09-03T02:30:00.000Z,Mountain America Stadium,Arizona State,Southern Utah,41,14,Tempe,AZ,33.4264471,-111.9325005
401344437,2021,1,2021-09-03T22:00:00.000Z,Bentley University Football Stadium,Bentley,West Chester,41,17,Waltham,MA,42.3756401,-71.2358004
401309937,2021,1,2021-09-03T22:00:00.000Z,Lane Stadium,Virginia Tech,North Carolina,17,10,Blacksburg,VA,37.2199873,-80.4180643
401335299,2021,1,2021-09-03T22:00:00.000Z,Arute Field,Central Connecticut,Southern Connecticut State,21,28,New Britain,CT,41.6950591,-72.7616197
401309541,2021,1,2021-09-03T23:00:00.000Z,Rynearson Stadium,Eastern Michigan,St. Francis (PA),35,15,Ypsilanti,MI,42.256126,-83.647285
401282052,2021,1,2021-09-03T23:00:00.000Z,Jerry Richardson Stadium,Charlotte,Duke,31,28,Charlotte,NC,35.3105033,-80.7401194
401282608,2021,1,2021-09-03T23:00:00.000Z,Allegacy Federal Credit Union Stadium,Wake Forest,Old Dominion,42,10,Winston-Salem,NC,36.1305507,-80.2545851
401287888,2021,1,2021-09-04T00:00:00.000Z,Memorial Stadium,Kansas,South Dakota,17,14,Terre Haute,IN,39.4746858,-87.3669599
401287888,2021,1,2021-09-04T00:00:00.000Z,Memorial Stadium,Kansas,South Dakota,17,14,Lawrence,KS,38.9629418,-95.2463686
401287888,2021,1,2021-09-04T00:00:00.000Z,Memorial Stadium,Kansas,South Dakota,17,14,Columbia,MO,38.9358491,-92.3332009
401309836,2021,1,2021-09-04T01:00:00.000Z,Folsom Field,Colorado,Northern Colorado,35,7,Boulder,CO,40.0094746,-105.266905
401282782,2021,1,2021-09-04T01:00:00.000Z,Ryan Field,Northwestern,Michigan State,21,38,Evanston,IL,42.0653994,-87.6924751
401310695,2021,1,2021-09-04T01:00:00.000Z,Canvas Stadium,Colorado State,South Dakota State,23,42,Fort Collins,CO,40.570015,-105.088435
401282772,2021,1,2021-09-04T16:00:00.000Z,Michigan Stadium,Michigan,Western Michigan,47,14,Ann Arbor,MI,42.2658365,-83.7486956
401286188,2021,1,2021-09-04T16:00:00.000Z,Pratt & Whitney Stadium,UConn,Holy Cross,28,38,East Hartford,CT,41.7595675,-72.6187728
401328233,2021,1,2021-09-04T16:00:00.000Z,Goodman Stadium,Lehigh,Villanova,3,47,Bethlehem,PA,40.5890837,-75.3553874
401327913,2021,1,2021-09-04T16:00:00.000Z,"Memorial Stadium (Lincoln, NE)",Nebraska,Fordham,52,7,Lincoln,NE,40.820682,-96.705594
401282822,2021,1,2021-09-04T16:00:00.000Z,SHI Stadium,Rutgers,Temple,61,14,Piscataway,NJ,40.5462553,-74.4660408
401287894,2021,1,2021-09-04T16:00:00.000Z,"Memorial Stadium (Norman, OK)",Oklahoma,Tulane,40,35,Norman,OK,35.2058537,-97.4423145
401332385,2021,1,2021-09-04T16:00:00.000Z,Mitchell Stadium,Bluefield State,Lawrence Tech,14,21,Bluefield,WV,37.2698395,-81.2223195
401329633,2021,1,2021-09-04T16:00:00.000Z,Carl Smith Stadium,UVA Wise,Virginia University Of Lynchburg,54,0,Wise,VA,36.9759345,-82.5757108
401328990,2021,1,2021-09-04T16:00:00.000Z,Barron Stadium,Shorter,Brevard College,38,14,Rome,GA,34.257038,-85.1646726
401328713,2021,1,2021-09-04T16:00:00.000Z,Mueller Field,Notre Dame College,Ashland,42,35,South Euclid,OH,41.5231076,-81.5184553
401287889,2021,1,2021-09-04T16:00:00.000Z,AT&T Stadium,Kansas State,Stanford,24,7,Arlington,TX,32.747778,-97.092778
401328706,2021,1,2021-09-04T16:00:00.000Z,Farmers Insurance Athletic Complex,Davenport,Truman State,14,31,Caledonia,MI,37.763382,-90.7729061
401282815,2021,1,2021-09-04T16:00:00.000Z,Camp Randall Stadium,Wisconsin,Penn State,10,16,Madison,WI,43.06994,-89.4126943
401309601,2021,1,2021-09-04T16:00:00.000Z,Center Parc Stadium,Georgia State,Army,10,43,Atlanta,GA,33.735267,-84.389949
401363390,2021,1,2021-09-04T16:00:00.000Z,Plaster Sports Complex,Southwest Baptist,UT Permian Basin,16,24,Springfield,MO,37.1976229,-93.2798119
401281947,2021,1,2021-09-04T16:00:00.000Z,Kroger Field,Kentucky,UL Monroe,45,10,Lexington,KY,38.0220905,-84.5053408
401282609,2021,1,2021-09-04T16:00:00.000Z,"Alumni Stadium (Chestnut Hill, MA)",Boston College,Colgate,51,0,Chestnut Hill,MA,42.335104,-71.1664413
401329210,2021,1,2021-09-04T16:05:00.000Z,Andre Reed Stadium,Kutztown University,Assumption,19,0,Kutztown,PA,40.5173165,-75.7774177
401359753,2021,1,2021-09-04T17:00:00.000Z,Frost-Kalnow Stadium,MARIAN (IN,Tiffin,10,34,Tiffin,OH,41.114485,-83.1779537
401328585,2021,1,2021-09-04T17:00:00.000Z,Cowboy Stadium,McNeese,West Florida,36,42,Lake Charles,LA,30.1804575,-93.2178729
401329325,2021,1,2021-09-04T17:00:00.000Z,Duane Stadium,Merrimack,St. Anselm,55,23,North Andover,MA,42.6839894,-71.1127065
401328169,2021,1,2021-09-04T17:00:00.000Z,George Williams Athletic Complex,St. Augustine's,Greeneville,14,58,Raleigh,NC,35.7803977,-78.6390989
401328924,2021,1,2021-09-04T17:00:00.000Z,Ralph F. DellaCamera Stadium,New Haven,Franklin Pierce,30,14,West Haven,CT,41.2706527,-72.9470471
401331758,2021,1,2021-09-04T17:00:00.000Z,Shuford Stadium,Catawba,ERSKINE,37,27,Salisbury,NC,35.6709727,-80.4742261
401334669,2021,1,2021-09-04T17:00:00.000Z,Seth Grove Stadium,Shippensburg,West Virginia State,25,17,Shippensburg,PA,40.0507198,-77.5205485
401328566,2021,1,2021-09-04T17:30:00.000Z,Alumni Memorial Field,VMI,Davidson,45,24,Lexington,VA,37.788983,-79.43505
401281943,2021,1,2021-09-04T18:00:00.000Z,Razorback Stadium,Arkansas,Rice,38,17,Fayetteville,AR,36.0680662,-94.1789534
401309838,2021,1,2021-09-04T18:00:00.000Z,Autzen Stadium,Oregon,Fresno State,31,24,Eugene,OR,44.0582712,-123.0684883
401329337,2021,1,2021-09-04T18:00:00.000Z,Ray Dennison Memorial Field,Fort Lewis,New Mexico Highlands,7,44,Durango,CO,37.2395367,-107.82158179169292
401348214,2021,1,2021-09-04T18:00:00.000Z,Electric Supply Company Field,Wilson,Newberry,7,31,Wilson,NC,35.7212689,-77.9155395
401329143,2021,1,2021-09-04T18:00:00.000Z,Kirkeby-Over Stadium,Augustana University (SD),Minot State,49,0,Sioux Falls,SD,43.5488256,-96.7307737
401328150,2021,1,2021-09-04T18:00:00.000Z,Paladin Stadium,Furman,North Carolina A&T,29,18,Greenville,SC,34.920192,-82.4370917
401328183,2021,1,2021-09-04T18:00:00.000Z,Rhodes Stadium,Elon,Wofford,22,24,Elon,NC,36.1101269,-79.5079979
401328220,2021,1,2021-09-04T18:00:00.000Z,E. Claiborne Robins Stadium,Richmond,Howard,38,14,Richmond,VA,37.5807765,-77.5372211
401310861,2021,1,2021-09-04T18:00:00.000Z,Falcon Stadium,Air Force,Lafayette,35,14,Colorado Springs,CO,38.9969701,-104.8436165
401329106,2021,1,2021-09-04T18:00:00.000Z,QU Stadium,Quincy,Midwestern State,27,48,Quincy,IL,39.9356016,-91.4098727
401328954,2021,1,2021-09-04T18:00:00.000Z,Sherman Field,Michigan Tech,Hillsdale,14,10,Houghton,MI,46.8591287,-88.7774734
401328647,2021,1,2021-09-04T18:00:00.000Z,Leemon Field,McKendree,Northern Michigan,20,27,Lebanon,IL,38.6039375,-89.8073195
401329179,2021,1,2021-09-04T18:30:00.000Z,W.B. Mason Stadium,Stonehill,Bloomsburg,35,13,North Easton,MA,42.0667665,-71.1036592
401329305,2021,1,2021-09-04T19:00:00.000Z,Mountaineer Bowl,Western Colorado,Chadron St,23,10,Gunnison,CO,38.6476702,-107.0603126
401328057,2021,1,2021-09-04T19:00:00.000Z,Holt Arena,Idaho State,North Dakota,14,35,Pocatello,ID,42.8702052,-112.4281274
401282174,2021,1,2021-09-04T19:30:00.000Z,Navy-Marine Corps Memorial Stadium,Navy,Marshall,7,49,Annapolis,MD,38.9846985,-76.5076335
401328159,2021,1,2021-09-04T19:30:00.000Z,Fargodome,North Dakota State,UAlbany,28,6,Fargo,ND,46.9029938,-96.8003251
401282764,2021,1,2021-09-04T19:30:00.000Z,SECU Stadium,Maryland,West Virginia,30,24,College Park,MD,38.9903332,-76.9473792
401282723,2021,1,2021-09-04T19:30:00.000Z,Kinnick Stadium,Iowa,Indiana,34,6,Iowa City,IA,41.6586045,-91.5510829
401300996,2021,1,2021-09-04T19:30:00.000Z,Nippert Stadium,Cincinnati,Miami (OH),49,14,Cincinnati,OH,39.1312495,-84.5161913
401281942,2021,1,2021-09-04T19:30:00.000Z,Mercedes-Benz Stadium,Miami,Alabama,13,44,Atlanta,GA,33.755578,-84.400881
401282612,2021,1,2021-09-04T20:00:00.000Z,Acrisure Stadium,Pittsburgh,Massachusetts,51,7,Pittsburgh,PA,40.4467648,-80.0157603
401327924,2021,1,2021-09-04T20:00:00.000Z,Rocky Mount Athletic Complex,Elizabeth City State,Fayetteville State,6,47,Rocky Mount,NC,35.9423833,-77.7956949
401327914,2021,1,2021-09-04T20:00:00.000Z,Alumni Stadium,Delaware State,Bowie State,32,24,Dover,DE,39.189375,-75.5433185
401337368,2021,1,2021-09-04T20:00:00.000Z,Bailey Memorial Stadium,Presbyterian,Laurinburg,84,43,Clinton,SC,34.46158,-81.861368
401348514,2021,1,2021-09-04T20:00:00.000Z,Kibbie Dome,Idaho,Simon Fraser,68,0,Moscow,ID,46.7262921,-117.0173713
401328230,2021,1,2021-09-04T20:00:00.000Z,Hughes Stadium,Morgan State,Towson,0,31,Baltimore,MD,39.3439778,-76.5829573
401328028,2021,1,2021-09-04T20:00:00.000Z,Torero Stadium,San Diego,Cal Poly,17,28,San Diego,CA,32.7730674,-117.183721
401310697,2021,1,2021-09-04T20:00:00.000Z,War Memorial Stadium,Wyoming,Montana State,19,16,Laramie,WY,41.31161,-105.5681384
401281950,2021,1,2021-09-04T20:00:00.000Z,Memorial Stadium,Missouri,Central Michigan,34,24,Terre Haute,IN,39.4746858,-87.3669599
401281950,2021,1,2021-09-04T20:00:00.000Z,Memorial Stadium,Missouri,Central Michigan,34,24,Lawrence,KS,38.9629418,-95.2463686
401281950,2021,1,2021-09-04T20:00:00.000Z,Memorial Stadium,Missouri,Central Michigan,34,24,Columbia,MO,38.9358491,-92.3332009
401281949,2021,1,2021-09-04T20:00:00.000Z,Davis Wade Stadium,Mississippi State,Louisiana Tech,35,34,Starkville,MS,33.4563403,-88.7933652
401287892,2021,1,2021-09-04T20:30:00.000Z,DKR-Texas Memorial Stadium,Texas,Louisiana,38,18,Austin,TX,30.2836813,-97.7325345
401287887,2021,1,2021-09-04T20:30:00.000Z,Jack Trice Stadium,Iowa State,Northern Iowa,16,10,Ames,IA,42.0139977,-93.6357716
401309842,2021,1,2021-09-04T21:00:00.000Z,Los Angeles Memorial Coliseum,USC,San José State,30,7,Los Angeles,CA,34.014167,-118.287778
401309600,2021,1,2021-09-04T22:00:00.000Z,Allen E. Paulson Stadium,Georgia Southern,Gardner-Webb,30,25,Statesboro,GA,32.4122471,-81.7849296
401332299,2021,1,2021-09-04T22:00:00.000Z,Campus Field,Sacred Heart,Bucknell,21,0,Fairfield,CT,41.2212488,-73.2417431
401328210,2021,1,2021-09-04T22:00:00.000Z,Meade Stadium,Rhode Island,Bryant,45,21,Kingston,RI,41.4879984,-71.5347458
401328616,2021,1,2021-09-04T22:00:00.000Z,Hornet Stadium,Alabama State,Miles College,14,13,Sacramento,CA,38.5556718,-121.4229607
401328616,2021,1,2021-09-04T22:00:00.000Z,Hornet Stadium,Alabama State,Miles College,14,13,Montgomery,AL,32.3642223,-86.2896902
401328192,2021,1,2021-09-04T22:00:00.000Z,Bridgeforth Stadium,James Madison,Morehead State,68,10,Harrisonburg,VA,38.4352919,-78.8729349
401327988,2021,1,2021-09-04T22:00:00.000Z,E. J. Whitmire Stadium,Western Carolina,Eastern Kentucky,28,31,Cullowhee,NC,35.3048352,-83.1818148
401357798,2021,1,2021-09-04T22:00:00.000Z,Spec Martin Municipal Stadium,Stetson,Warner University,54,14,DeLand,FL,29.0208575,-81.2993746
401328527,2021,1,2021-09-04T22:00:00.000Z,,Indiana Wesleyan,Valparaiso,28,10,,,,
401327953,2021,1,2021-09-04T22:00:00.000Z,Lincoln University Stadium,Lincoln (PA),Lock Haven University,0,20,Lincoln University,PA,39.8065518,-75.92870551247694
401327961,2021,1,2021-09-04T22:00:00.000Z,Rogers Stadium (VA),Virginia St,Lenoir-Rhyne,7,48,Petersburg,VA,37.227928,-77.4019268
401286294,2021,1,2021-09-04T22:00:00.000Z,Williams Stadium (VA),Liberty,Campbell,48,7,Lynchburg,VA,37.3544305,-79.1750239
401329085,2021,1,2021-09-04T22:00:00.000Z,Charlie W. Johnson Stadium,Benedict College,Allen,45,12,Columbia,SC,34.0007493,-81.0343313
401329092,2021,1,2021-09-04T22:00:00.000Z,Alumni Memorial Stadium (NC),Livingstone,Clark Atlanta,10,13,Salisbury,NC,35.6709727,-80.4742261
401329190,2021,1,2021-09-04T22:00:00.000Z,"Memorial Stadium (Clarion, PA)",Clarion,Lake Erie,26,31,Clarion,PA,41.2148975,-79.3857047
401328015,2021,1,2021-09-04T22:00:00.000Z,Armstrong Stadium,Hampton,Virginia Union,42,28,Hampton,VA,37.0200894,-76.3331555
401332022,2021,1,2021-09-04T22:00:00.000Z,Saxon Stadium,Mercyhurst,Alderson-Broaddus,18,3,Erie,PA,42.1294712,-80.0852695
401328944,2021,1,2021-09-04T23:00:00.000Z,Bazemore-Hyder Stadium,Valdosta State,Savannah St,53,7,Valdosta,GA,30.8327022,-83.2784851
401328345,2021,1,2021-09-04T23:00:00.000Z,First Security Stadium,Harding University,East Central (OK),28,0,Searcy,AR,35.9018987,-92.7098744
401328977,2021,1,2021-09-04T23:00:00.000Z,Harvey Randall Wickes Memorial Stadium,Saginaw Valley State,Texas A&M-Kingsville,13,9,University Center,MI,25.71414555,-80.27640498387049
401329000,2021,1,2021-09-04T23:00:00.000Z,Tiger Stadium (AL),West Alabama,Morehouse College,48,7,Livingston,AL,32.5843026,-88.1872474
401329008,2021,1,2021-09-04T23:00:00.000Z,Younts Stadium,North Greenville,Limestone,37,16,Tigerville,SC,35.0684492,-82.3684509
401281944,2021,1,2021-09-04T23:00:00.000Z,Jordan-Hare Stadium,Auburn,Akron,60,10,Auburn,AL,32.6025532,-85.4897479
401281951,2021,1,2021-09-04T23:00:00.000Z,Williams-Brice Stadium,South Carolina,Eastern Illinois,46,0,Columbia,SC,33.9730239,-81.0191726
401282173,2021,1,2021-09-04T23:00:00.000Z,"Johnny ""Red"" Floyd Stadium",Middle Tennessee,Monmouth,50,15,Murfreesboro,TN,35.8511463,-86.3681649
401328022,2021,1,2021-09-04T23:00:00.000Z,Homer Bryce Stadium,Stephen F. Austin,Tarleton State,20,10,Nacogdoches,TX,31.625719,-94.6444034
401329023,2021,1,2021-09-04T23:00:00.000Z,Rex Stadium,Adams State,Western New Mexico,17,35,Alamosa,CO,37.5780995,-105.7890452
401329394,2021,1,2021-09-04T23:00:00.000Z,Gable Field at Doc Wadley Stadium,Northeastern State,Emporia State University,7,38,Tahlequah,OK,35.91537,-94.969956
401329707,2021,1,2021-09-04T23:00:00.000Z,Bruce R. Deaton Memorial Field,St. Xavier IL,Indianapolis,10,34,Chicago,IL,41.8755616,-87.6244212
401309602,2021,1,2021-09-04T23:00:00.000Z,Veterans Memorial Stadium (AL),Troy,Southern,55,3,Troy,AL,31.7995565,-85.9518328
401309598,2021,1,2021-09-04T23:00:00.000Z,Centennial Bank Stadium,Arkansas State,Central Arkansas,40,21,Jonesboro,AR,35.8488977,-90.6677436
401300997,2021,1,2021-09-04T23:00:00.000Z,Simmons Bank Liberty Stadium,Memphis,Nicholls,42,17,Memphis,TN,35.1209429,-89.977147
401287893,2021,1,2021-09-04T23:00:00.000Z,Bobcat Stadium (TX),Texas State,Baylor,20,29,San Marcos,TX,29.8910008,-97.9255735
401287890,2021,1,2021-09-04T23:00:00.000Z,Boone Pickens Stadium,Oklahoma State,Missouri State,23,16,Stillwater,OK,36.125673,-97.066513
401287886,2021,1,2021-09-04T23:00:00.000Z,NRG Stadium,Houston,Texas Tech,21,38,Houston,TX,29.684722,-95.410833
401309543,2021,1,2021-09-04T23:00:00.000Z,Glass Bowl,Toledo,Norfolk State,49,10,Toledo,OH,41.6574777,-83.6135652
401300998,2021,1,2021-09-04T23:00:00.000Z,Gerald J. Ford Stadium,SMU,Abilene Christian,56,9,University Park,TX,32.8377223,-96.7827859
401282819,2021,1,2021-09-04T23:00:00.000Z,Ross-Ade Stadium,Purdue,Oregon State,30,21,West Lafayette,IN,40.4352253,-86.9186843
401328144,2021,1,2021-09-04T23:00:00.000Z,Braly Municipal Stadium,North Alabama,SE Louisiana,28,49,Florence,AL,34.810914,-87.670587
401328323,2021,1,2021-09-04T23:00:00.000Z,Louis Crews Stadium,Alabama A&M,South Carolina State,42,41,Huntsville,AL,34.7835363,-86.5784132
401282611,2021,1,2021-09-04T23:00:00.000Z,Peden Stadium,Ohio,Syracuse,9,29,Athens,OH,39.3212794,-82.1034315
401328634,2021,1,2021-09-04T23:00:00.000Z,Golden Lion Stadium,Arkansas-Pine Bluff,Lane College,34,16,Pine Bluff,AR,34.253327,-92.0214031
401282179,2021,1,2021-09-04T23:30:00.000Z,"Memorial Stadium (Champaign, IL)",Illinois,UTSA,30,37,Champaign,IL,40.0993268,-88.2359569
401328327,2021,1,2021-09-04T23:30:00.000Z,Hancock Stadium,Illinois State,Butler,49,7,Normal,IL,40.5125091,-88.9967177
401281945,2021,1,2021-09-04T23:30:00.000Z,Ben Hill Griffin Stadium,Florida,Florida Atlantic,35,14,Gainesville,FL,29.6499357,-82.3485788
401282175,2021,1,2021-09-04T23:30:00.000Z,DATCU Stadium,North Texas,Northwestern State,44,14,Denton,TX,33.203899,-97.159245
401282610,2021,1,2021-09-04T23:30:00.000Z,Bobby Dodd Stadium,Georgia Tech,Northern Illinois,21,22,Atlanta,GA,33.7724449,-84.3928054
401282613,2021,1,2021-09-04T23:30:00.000Z,Scott Stadium,Virginia,William & Mary,43,0,Charlottesville,VA,38.0311801,-78.5137897
401281946,2021,1,2021-09-04T23:30:00.000Z,Bank of America Stadium,Clemson,Georgia,3,10,Charlotte,NC,35.225833,-80.852778
401328678,2021,1,2021-09-05T00:00:00.000Z,BBVA Compass Stadium,Texas Southern,Prairie View A&M,17,40,Houston,TX,29.7521988,-95.3524146
401282053,2021,1,2021-09-05T00:00:00.000Z,Kyle Field,Texas A&M,Kent State,41,10,College Station,TX,30.6098891,-96.3403828
401309839,2021,1,2021-09-05T00:00:00.000Z,Husky Stadium,Washington,Montana,7,13,Houston,TX,29.6949025,-95.5167353
401309839,2021,1,2021-09-05T00:00:00.000Z,Husky Stadium,Washington,Montana,7,13,Saint Cloud,MN,45.5616075,-94.1642004
401309839,2021,1,2021-09-05T00:00:00.000Z,Husky Stadium,Washington,Montana,7,13,Seattle,WA,47.6503235,-122.3015746
401282177,2021,1,2021-09-05T00:00:00.000Z,Hancock Whitney Stadium,South Alabama,Southern Miss,31,7,Mobile,AL,30.6943566,-88.0430541
401287891,2021,1,2021-09-05T00:00:00.000Z,Amon G. Carter Stadium,TCU,Duquesne,45,3,Fort Worth,TX,32.7096604,-97.3680835
401282054,2021,1,2021-09-05T00:00:00.000Z,FirstBank Stadium,Vanderbilt,East Tennessee State,3,23,Nashville,TN,36.1440455,-86.8088942
401281948,2021,1,2021-09-05T00:30:00.000Z,Rose Bowl,UCLA,LSU,38,27,Pasadena,CA,34.1613284,-118.1676462
401327977,2021,1,2021-09-05T01:00:00.000Z,Greater Zion Stadium,Utah Tech,Sacramento State,7,19,Saint George,UT,37.1098868,-113.5674494
401282178,2021,1,2021-09-05T01:00:00.000Z,Sun Bowl,UTEP,Bethune-Cookman,38,28,El Paso,TX,31.7733353,-106.507957
401310699,2021,1,2021-09-05T02:30:00.000Z,Qualcomm Stadium,San Diego State,New Mexico State,28,10,San Diego,CA,32.7831122,-117.1195716
401309841,2021,1,2021-09-05T02:30:00.000Z,Allegiant Stadium,Arizona,BYU,16,24,Las Vegas,NV,36.1672559,-115.1485163
401309837,2021,1,2021-09-05T02:30:00.000Z,California Memorial Stadium,California,Nevada,17,22,Berkeley,CA,37.8710434,-122.2507729
401309840,2021,1,2021-09-05T03:00:00.000Z,Gesa Field,Washington State,Utah State,23,26,Pullman,WA,46.731831,-117.1604991
401310698,2021,1,2021-09-05T03:59:00.000Z,Clarence T.C. Ching Athletics Complex,Hawai'i,Portland State,49,35,Honolulu,HI,21.294294,-157.819338
401328657,2021,1,2021-09-05T19:00:00.000Z,Hard Rock Stadium,Florida A&M,Jackson State,6,7,Miami Gardens,FL,25.9579665,-80.2388604
401328426,2021,1,2021-09-05T20:00:00.000Z,Tom Benson Hall of Fame Stadium,Grambling,Tennessee State,16,10,Canton,OH,40.7985464,-81.3749508
401329118,2021,1,2021-09-05T23:00:00.000Z,,Tuskegee,Fort Valley State,0,30,,,,
401282614,2021,1,2021-09-05T23:30:00.000Z,Doak Campbell Stadium,Florida State,Notre Dame,38,41,Tallahassee,FL,30.4381692,-84.3044032
401282055,2021,1,2021-09-07T00:00:00.000Z,Mercedes-Benz Stadium,Ole Miss,Louisville,43,24,Atlanta,GA,33.755578,-84.400881
401329384,2021,2,2021-09-09T23:00:00.000Z,I.L. & Sue Morris Stadium,Glenville State,Concord University,17,10,Glenville,WV,38.9342573,-80.8376033
401329341,2021,2,2021-09-09T23:00:00.000Z,Yager Stadium at Moore Bowl,Washburn,Central Missouri,29,10,Topeka,KS,39.049011,-95.677556
401329412,2021,2,2021-09-09T23:00:00.000Z,Bishop Schmitt Field,Wheeling,Notre Dame College,15,31,Wheeling,WV,40.0639616,-80.7209149
401329652,2021,2,2021-09-09T23:00:00.000Z,Meares Stadium,Mars Hill,Virginia University Of Lynchburg,50,14,Mars Hill,NC,35.82685585,-82.55057686987725
401341940,2021,2,2021-09-09T23:00:00.000Z,University of Charleston Stadium,University Of Charleston (WV),Fairmont State,27,6,Charleston,WV,38.3505995,-81.6332812
401329086,2021,2,2021-09-09T23:30:00.000Z,Charlie W. Johnson Stadium,Benedict College,Edward Waters,44,3,Columbia,SC,34.0007493,-81.0343313
401329405,2021,2,2021-09-10T00:00:00.000Z,Craig Field at Spratt Memorial Stadium,Missouri Western,Fort Hays State,38,31,Saint Joseph,MO,39.7686055,-94.8466322
401347693,2021,2,2021-09-10T23:00:00.000Z,Pace Stadium,Pace,American International,33,40,Pleasantville,NY,41.1328736,-73.7926335
401287896,2021,2,2021-09-10T23:30:00.000Z,Brooks Stadium (SC),Coastal Carolina,Kansas,49,22,Conway,SC,33.7928506,-79.0166946
401282616,2021,2,2021-09-11T00:00:00.000Z,Wallace Wade Stadium,Duke,North Carolina A&T,45,17,Durham,NC,35.9953688,-78.9417564
401282191,2021,2,2021-09-11T01:30:00.000Z,Albertsons Stadium,Boise State,UTEP,54,13,Boise,ID,43.6028839,-116.1958882
401310701,2021,2,2021-09-11T02:20:00.000Z,Maverik Stadium,Utah State,North Dakota,48,24,Logan,UT,41.7517394,-111.8116007
401282624,2021,2,2021-09-11T15:00:00.000Z,Scott Stadium,Virginia,Illinois,42,14,Charlottesville,VA,38.0311801,-78.5137897
401309545,2021,2,2021-09-11T15:30:00.000Z,Dix Stadium,Kent State,VMI,60,10,Kent,OH,41.1390935,-81.31346
401282193,2021,2,2021-09-11T15:30:00.000Z,Michie Stadium,Army,Western Kentucky,38,35,West Point,NY,41.3874924,-73.9640891
401282625,2021,2,2021-09-11T16:00:00.000Z,Allegacy Federal Credit Union Stadium,Wake Forest,Norfolk State,41,16,Winston-Salem,NC,36.1305507,-80.2545851
401329366,2021,2,2021-09-11T16:00:00.000Z,Sox Harrison Stadium,Edinboro University,Shippensburg,9,30,Edinboro,PA,41.8742225,-80.1317236
401329419,2021,2,2021-09-11T16:00:00.000Z,Saxon Stadium,Mercyhurst,West Chester,10,56,Erie,PA,42.1294712,-80.0852695
401282065,2021,2,2021-09-11T16:00:00.000Z,Dowdy-Ficklen Stadium,East Carolina,South Carolina,17,20,Greenville,NC,35.5968486,-77.364564
401282066,2021,2,2021-09-11T16:00:00.000Z,Neyland Stadium,Tennessee,Pittsburgh,34,41,Knoxville,TN,35.9550131,-83.9250128
401282618,2021,2,2021-09-11T16:00:00.000Z,Bobby Dodd Stadium,Georgia Tech,Kennesaw State,45,17,Atlanta,GA,33.7724449,-84.3928054
401329358,2021,2,2021-09-11T16:00:00.000Z,McConnell Family Stadium,Gannon,Shepherd,26,56,Erie,PA,42.1294712,-80.0852695
401282058,2021,2,2021-09-11T16:00:00.000Z,Jordan-Hare Stadium,Auburn,Alabama State,62,0,Auburn,AL,32.6025532,-85.4897479
401282809,2021,2,2021-09-11T16:00:00.000Z,Ohio Stadium,Ohio State,Oregon,28,35,Columbus,OH,40.0016447,-83.0197266
401287899,2021,2,2021-09-11T16:00:00.000Z,Boone Pickens Stadium,Oklahoma State,Tulsa,28,23,Stillwater,OK,36.125673,-97.066513
401282804,2021,2,2021-09-11T16:00:00.000Z,Ryan Field,Northwestern,Indiana State,24,6,Evanston,IL,42.0653994,-87.6924751
401282790,2021,2,2021-09-11T16:00:00.000Z,Huntington Bank Stadium,Minnesota,Miami (OH),31,26,Minneapolis,MN,44.976525,-93.2245462
401282783,2021,2,2021-09-11T16:00:00.000Z,Spartan Stadium,Michigan State,Youngstown State,42,14,East Lansing,MI,42.7281474,-84.4848526
401329474,2021,2,2021-09-11T17:00:00.000Z,Sodexo Field,Franklin Pierce,Lake Erie,20,31,Rindge,NH,42.7517669,-72.01012902437412
401328226,2021,2,2021-09-11T17:00:00.000Z,Andy Kerr Stadium,Colgate,Stony Brook,3,24,Hamilton,NY,42.8168991,-75.5452721
401332383,2021,2,2021-09-11T17:00:00.000Z,Pioneer Field (TN),Greeneville,Chowan,38,46,Greeneville,TN,36.1631575,-82.8309861
401334757,2021,2,2021-09-11T17:00:00.000Z,Alumni Stadium (KY),Kentucky State,Kentucky Wesleyan,25,26,Frankfort,KY,38.2009055,-84.8732836
401334788,2021,2,2021-09-11T17:00:00.000Z,Adamson Stadium,PennWest California,Lock Haven University,59,0,Brownsville,PA,40.0236854,-79.8839357
401341491,2021,2,2021-09-11T17:00:00.000Z,J.W. Babb Stadium,ERSKINE,Wilson,25,38,Greenwood,SC,34.1954001,-82.1617883
401328968,2021,2,2021-09-11T17:00:00.000Z,Superior Dome,Northern Michigan,Wisconsin-Oshkosh,10,28,Marquette,MI,46.560589,-87.393741
401328974,2021,2,2021-09-11T17:00:00.000Z,Frost-Kalnow Stadium,Tiffin,Northwood (MI),40,6,Tiffin,OH,41.114485,-83.1779537
401329191,2021,2,2021-09-11T17:00:00.000Z,"Memorial Stadium (Clarion, PA)",Clarion,Millersville,17,21,Clarion,PA,41.2148975,-79.3857047
401328413,2021,2,2021-09-11T17:00:00.000Z,Welcome Stadium,Dayton,Eastern Illinois,17,10,Dayton,OH,39.7369239,-84.1981068
401332023,2021,2,2021-09-11T17:00:00.000Z,Multi-Sport Performance Stadium,Alderson-Broaddus,West Liberty,0,24,Philippi,WV,39.1523198,-80.0403578
401344438,2021,2,2021-09-11T17:00:00.000Z,Multi-Sport Stadium,Assumption,Bentley,28,40,Worcester,MA,42.2625621,-71.8018877
401348193,2021,2,2021-09-11T17:00:00.000Z,Panther Stadium (OH),Ohio Dominican,Virginia St,10,7,Columbus,OH,39.9622601,-83.0007065
401327954,2021,2,2021-09-11T17:00:00.000Z,Lincoln University Stadium,Lincoln (PA),Central State (OH),7,19,Lincoln University,PA,39.8065518,-75.92870551247694
401328707,2021,2,2021-09-11T17:00:00.000Z,Tom Adams Field,Wayne State (MI),Truman State,9,27,Detroit,MI,42.3315509,-83.0466403
401327915,2021,2,2021-09-11T17:00:00.000Z,Bulldogs Stadium,Bowie State,Saginaw Valley State,28,19,Bowie,MD,38.9424464,-76.7301718
401301000,2021,2,2021-09-11T17:00:00.000Z,Legion Field,Tulane,Morgan State,69,20,Birmingham,AL,33.511389,-86.842778
401329038,2021,2,2021-09-11T17:00:00.000Z,Scheels Field at Nemzek Stadium,Minnesota State Moorhead,Winona State,13,27,Moorhead,MN,46.8739081,-96.7538674
401282059,2021,2,2021-09-11T17:00:00.000Z,Raymond James Stadium,South Florida,Florida,20,42,Tampa,FL,27.9758691,-82.5033344
401329152,2021,2,2021-09-11T17:00:00.000Z,Sea Foam Stadium,Concordia University St Paul,Upper Iowa University,24,6,Saint Paul,MN,44.9497487,-93.0931028
401328955,2021,2,2021-09-11T17:10:00.000Z,Sherman Field,Michigan Tech,St. Thomas (MN),9,12,Houghton,MI,46.8591287,-88.7774734
401327925,2021,2,2021-09-11T17:30:00.000Z,Roebuck Stadium,Elizabeth City State,Bluefield State,27,35,Elizabeth City,NC,36.2956836,-76.2247697
401309547,2021,2,2021-09-11T17:30:00.000Z,Huskie Stadium,Northern Illinois,Wyoming,43,50,DeKalb,IL,41.9339586,-88.7778357
401328075,2021,2,2021-09-11T18:00:00.000Z,DakotaDome,South Dakota,Northern Arizona,34,7,Vermillion,SD,42.7911218,-96.9278427
401328521,2021,2,2021-09-11T18:00:00.000Z,Jayne Stadium,Morehead State,Point University,62,9,Morehead,KY,38.1916481,-83.4253315
401328485,2021,2,2021-09-11T18:00:00.000Z,Fitton Field,Holy Cross,Merrimack,21,35,Worcester,MA,42.2403564,-71.8111424
401341944,2021,2,2021-09-11T18:00:00.000Z,Dickerson Stadium,West Virginia State,Frostburg State,21,34,Institute,WV,38.3836097,-81.7654665
401332007,2021,2,2021-09-11T18:00:00.000Z,QU Stadium,Quincy,Iowa Wesleyan,59,27,Quincy,IL,39.9356016,-91.4098727
401329462,2021,2,2021-09-11T18:00:00.000Z,Ben Altamirano Field,Western New Mexico,Western Colorado,14,49,Silver City,NM,32.7751371,-108.2754371
401329319,2021,2,2021-09-11T18:00:00.000Z,Marv Kay Stadium at Campbell Field,Colorado School Of Mines,New Mexico Highlands,31,21,Golden,CO,39.7546349,-105.2205809
401329201,2021,2,2021-09-11T18:00:00.000Z,George P. Miller Stadium,Indiana-Pennsylvania,Kutztown University,29,26,Indiana,PA,40.6214551,-79.1525349
401329001,2021,2,2021-09-11T18:00:00.000Z,Abbott Memorial Alumni Stadium,Tuskegee,West Alabama,7,33,Tuskegee,AL,32.4240286,-85.6916195
401328532,2021,2,2021-09-11T18:00:00.000Z,Southern Nazarene University Football Stadium,Southern Nazarene,Ouachita Baptist,3,41,Bethany,OK,35.5186728,-97.6322648
401328287,2021,2,2021-09-11T18:00:00.000Z,Alumni Stadium,Delaware State,Georgetown,14,20,Dover,DE,39.189375,-75.5433185
401282622,2021,2,2021-09-11T18:00:00.000Z,JMA Wireless Dome,Syracuse,Rutgers,7,17,Syracuse,NY,43.0362269,-76.1363161
401309753,2021,2,2021-09-11T18:00:00.000Z,Peden Stadium,Ohio,Duquesne,26,28,Athens,OH,39.3212794,-82.1034315
401328221,2021,2,2021-09-11T18:00:00.000Z,E. Claiborne Robins Stadium,Richmond,Lehigh,31,3,Richmond,VA,37.5807765,-77.5372211
401282186,2021,2,2021-09-11T18:00:00.000Z,Lane Stadium,Virginia Tech,Middle Tennessee,35,14,Blacksburg,VA,37.2199873,-80.4180643
401328119,2021,2,2021-09-11T18:00:00.000Z,Johnson Hagood Stadium,The Citadel,Charleston Southern,21,38,Charleston,SC,32.7936975,-79.9558183
401282705,2021,2,2021-09-11T18:30:00.000Z,Notre Dame Stadium,Notre Dame,Toledo,32,29,Notre Dame,IN,41.698378,-86.2339425
401328459,2021,2,2021-09-11T18:30:00.000Z,Tucker Stadium,Tennessee Tech,Furman,0,26,Cookeville,TN,36.1780555,-85.506183
401329457,2021,2,2021-09-11T19:00:00.000Z,Fred G. Hughes Stadium,Missouri Southern State,Northeastern State,17,21,Joplin,MO,37.08418,-94.51323
401333045,2021,2,2021-09-11T19:00:00.000Z,Chet Anderson Stadium,Bemidji State,Wayne State (NE),38,28,Bemidji,MN,47.4785418,-94.8907869
401359754,2021,2,2021-09-11T19:00:00.000Z,Allgood-Bailey Stadium,Missouri S&T,Little Rock,71,0,Rolla,MO,37.95037,-91.780444
401282820,2021,2,2021-09-11T19:00:00.000Z,Pratt & Whitney Stadium,UConn,Purdue,0,49,East Hartford,CT,41.7595675,-72.6187728
401359755,2021,2,2021-09-11T19:00:00.000Z,Elliott Field at Don Beebe Stadium,Chadron St,Angelo State,24,28,Chadron,NE,42.8309807,-103.0003729
401309548,2021,2,2021-09-11T19:00:00.000Z,Kelly/Shorts Stadium,Central Michigan,Robert Morris,45,0,Mount Pleasant,MI,43.5777313,-84.7709904
401329126,2021,2,2021-09-11T19:00:00.000Z,MDU Resources Community Bowl,University of Mary,Augustana University (SD),20,43,Bismarck,ND,46.808327,-100.783739
401332310,2021,2,2021-09-11T19:00:00.000Z,Wagner College Stadium,Wagner,Central Connecticut,19,21,Staten Island,NY,40.614688,-74.090639
401282060,2021,2,2021-09-11T19:30:00.000Z,Sanford Stadium,Georgia,UAB,56,7,Athens,GA,33.9498197,-83.3733813
401282183,2021,2,2021-09-11T19:30:00.000Z,FAU Stadium,Florida Atlantic,Georgia Southern,38,6,Boca Raton,FL,26.3763763,-80.1015759
401282623,2021,2,2021-09-11T19:30:00.000Z,Warren McGuirk Alumni Stadium,Massachusetts,Boston College,28,45,Hadley,MA,42.3773244,-72.5360595
401282797,2021,2,2021-09-11T19:30:00.000Z,"Memorial Stadium (Lincoln, NE)",Nebraska,Buffalo,28,3,Lincoln,NE,40.820682,-96.705594
401287900,2021,2,2021-09-11T19:30:00.000Z,Amon G. Carter Stadium,TCU,California,34,32,Fort Worth,TX,32.7096604,-97.3680835
401300999,2021,2,2021-09-11T19:30:00.000Z,InfoCision Stadium,Akron,Temple,24,45,Akron,OH,41.0725534,-81.5083408
401301004,2021,2,2021-09-11T19:30:00.000Z,Navy-Marine Corps Memorial Stadium,Navy,Air Force,3,23,Annapolis,MD,38.9846985,-76.5076335
401328367,2021,2,2021-09-11T19:30:00.000Z,Fargodome,North Dakota State,Valparaiso,64,0,Fargo,ND,46.9029938,-96.8003251
401282067,2021,2,2021-09-11T19:30:00.000Z,Sports Authority Field at Mile High,Colorado,Texas A&M,7,10,Denver,CO,39.743889,-105.02
401282816,2021,2,2021-09-11T19:30:00.000Z,Beaver Stadium,Penn State,Ball State,44,13,University Park,PA,40.8121958,-77.8561023
401301002,2021,2,2021-09-11T19:30:00.000Z,Nippert Stadium,Cincinnati,Murray State,42,7,Cincinnati,OH,39.1312495,-84.5161913
401328038,2021,2,2021-09-11T20:00:00.000Z,Roos Field,Eastern Washington,Central Washington,63,14,Cheney,WA,47.49278,-117.587353
401329713,2021,2,2021-09-11T20:00:00.000Z,Maxwell Field,Linfield College,Simon Fraser,56,20,Mcminnville,OR,45.2100367,-123.194463
401282056,2021,2,2021-09-11T20:00:00.000Z,Bryant-Denny Stadium,Alabama,Mercer,48,14,Tuscaloosa,AL,33.2082752,-87.5503836
401328193,2021,2,2021-09-11T20:00:00.000Z,Bridgeforth Stadium,James Madison,Maine,55,7,Harrisonburg,VA,38.4352919,-78.8729349
401309546,2021,2,2021-09-11T20:00:00.000Z,Doyt L. Perry Stadium,Bowling Green,South Alabama,19,22,Bowling Green,OH,41.3780114,-83.6225
401356953,2021,2,2021-09-11T20:00:00.000Z,Bailey Memorial Stadium,Presbyterian,UFTL,68,3,Clinton,SC,34.46158,-81.861368
401329113,2021,2,2021-09-11T20:00:00.000Z,CAU Panther Stadium,Clark Atlanta,Lane College,26,35,Atlanta,GA,33.7489924,-84.3902644
401328099,2021,2,2021-09-11T20:00:00.000Z,Torero Stadium,San Diego,UC Davis,7,53,San Diego,CA,32.7730674,-117.183721
401282754,2021,2,2021-09-11T20:30:00.000Z,Jack Trice Stadium,Iowa State,Iowa,17,27,Ames,IA,42.0139977,-93.6357716
401328016,2021,2,2021-09-11T21:00:00.000Z,Hovey Field,Virginia Union,Valdosta State,7,51,Richmond,VA,37.5385087,-77.43428
401282615,2021,2,2021-09-11T21:00:00.000Z,"Memorial Stadium (Clemson, SC)",Clemson,South Carolina State,49,3,Clemson,SC,34.6787737,-82.8432428
401309544,2021,2,2021-09-11T21:00:00.000Z,Waldo Stadium,Western Michigan,Illinois State,28,0,Kalamazoo,MI,42.2860064,-85.6007573
401287902,2021,2,2021-09-11T21:00:00.000Z,Milan Puskar Stadium,West Virginia,Long Island University,66,0,Morgantown,WV,39.6502744,-79.9551873
401329180,2021,2,2021-09-11T22:00:00.000Z,Offutt Field,Seton Hill,Bloomsburg,13,7,Greensburg,PA,40.3014581,-79.5389289
401328234,2021,2,2021-09-11T22:00:00.000Z,Villanova Stadium,Villanova,Bucknell,55,3,Villanova,PA,40.0343329,-75.3367666
401328205,2021,2,2021-09-11T22:00:00.000Z,Wildcat Stadium,New Hampshire,Towson,26,14,Durham,NH,43.1386231,-70.9393077
401328176,2021,2,2021-09-11T22:00:00.000Z,Delaware Stadium,Delaware,St. Francis (PA),27,10,Newark,DE,39.6617428,-75.7488224
401328108,2021,2,2021-09-11T22:00:00.000Z,Barker-Lane Stadium,Campbell,Elon,23,24,Buies Creek,NC,35.4047689,-78.7424842
401309845,2021,2,2021-09-11T22:00:00.000Z,Gesa Field,Washington State,Portland State,44,24,Pullman,WA,46.731831,-117.1604991
401282181,2021,2,2021-09-11T22:00:00.000Z,Jerry Richardson Stadium,Charlotte,Gardner-Webb,38,10,Charlotte,NC,35.3105033,-80.7401194
401282192,2021,2,2021-09-11T22:00:00.000Z,Alamodome,UTSA,Lamar,54,0,San Antonio,TX,29.4169834,-98.4788143
401366015,2021,2,2021-09-11T22:00:00.000Z,Donnell Stadium,Findlay,UNC Pembroke,34,28,Findlay,OH,41.0413873,-83.6503982
401328658,2021,2,2021-09-11T22:00:00.000Z,Bragg Memorial Stadium,Florida A&M,Fort Valley State,34,7,Tallahassee,FL,30.4261632,-84.2923095
401347701,2021,2,2021-09-11T22:00:00.000Z,W.B. Mason Stadium,Stonehill,Southern Connecticut State,54,21,North Easton,MA,42.0667665,-71.1036592
401329372,2021,2,2021-09-11T22:00:00.000Z,Mihalik-Thompson Stadium,Slippery Rock,East Stroudsburg University,22,7,Slippery Rock,PA,41.0639506,-80.0564468
401329057,2021,2,2021-09-11T22:00:00.000Z,University Stadium (GA),West Georgia,Morehouse College,47,0,Carrollton,GA,33.5801103,-85.0766113
401329009,2021,2,2021-09-11T22:00:00.000Z,Setzler Field,Newberry,North Greenville,14,24,Newberry,SC,34.286133,-81.622539
401328945,2021,2,2021-09-11T22:00:00.000Z,Ted Wright Stadium,Savannah St,Livingstone,50,6,Savannah,GA,32.0274346,-81.0687492
401328497,2021,2,2021-09-11T22:00:00.000Z,Butler Bowl,Butler,Depauw,49,24,Indianapolis,IN,39.8444694,-86.1659242
401357799,2021,2,2021-09-11T22:00:00.000Z,Spec Martin Municipal Stadium,Stetson,Ave Maria University,49,16,DeLand,FL,29.0208575,-81.2993746
401328085,2021,2,2021-09-11T22:00:00.000Z,Irwin Belk Stadium,Wingate,Fayetteville State,40,21,Wingate,NC,34.9843176,-80.4492319
401328236,2021,2,2021-09-11T22:00:00.000Z,Zable Stadium,William & Mary,Lafayette,24,3,Williamsburg,VA,37.2730996,-76.7137202
401332050,2021,2,2021-09-11T22:00:00.000Z,Jack Coffey Field,Fordham,Monmouth,23,26,Bronx,NY,40.8466508,-73.8785937
401328102,2021,2,2021-09-11T22:00:00.000Z,Irwin Belk Complex,Johnson C Smith,Allen,19,20,Charlotte,NC,35.2272086,-80.8430827
401282185,2021,2,2021-09-11T22:30:00.000Z,Joan C. Edwards Stadium,Marshall,North Carolina Central,44,10,Huntington,WV,38.4247042,-82.4214412
401301001,2021,2,2021-09-11T22:30:00.000Z,FBC Mortgage Stadium,UCF,Bethune-Cookman,63,14,Orlando,FL,28.6079765,-81.1927233
401282189,2021,2,2021-09-11T22:30:00.000Z,Rice Stadium,Rice,Houston,7,44,Houston,TX,29.7163297,-95.4093261
401286295,2021,2,2021-09-11T23:00:00.000Z,Veterans Memorial Stadium (AL),Troy,Liberty,13,21,Troy,AL,31.7995565,-85.9518328
401301003,2021,2,2021-09-11T23:00:00.000Z,Centennial Bank Stadium,Arkansas State,Memphis,50,55,Jonesboro,AR,35.8488977,-90.6677436
401287897,2021,2,2021-09-11T23:00:00.000Z,Bill Snyder Family Stadium,Kansas State,Southern Illinois,31,23,Manhattan,KS,39.2020096,-96.5938395
401282064,2021,2,2021-09-11T23:00:00.000Z,Davis Wade Stadium,Mississippi State,NC State,24,10,Starkville,MS,33.4563403,-88.7933652
401287895,2021,2,2021-09-11T23:00:00.000Z,McLane Stadium,Baylor,Texas Southern,66,7,Waco,TX,31.5582015,-97.1156702
401328703,2021,2,2021-09-11T23:00:00.000Z,Wildcat Stadium (TX),Abilene Christian,Louisiana College,62,7,Abilene,TX,32.472275,-99.710464
401328258,2021,2,2021-09-11T23:00:00.000Z,Shuford Stadium,Catawba,Winston-Salem,28,6,Salisbury,NC,35.6709727,-80.4742261
401328277,2021,2,2021-09-11T23:00:00.000Z,Koi Ishto Stadium,East Central (OK),Arkansas Tech,13,10,Ada,OK,34.7743383,-96.6783651
401328310,2021,2,2021-09-11T23:00:00.000Z,Crain Family Stadium,Oklahoma Baptist,Arkansas-Monticello,45,20,Shawnee,OK,35.3272928,-96.9253004
401282187,2021,2,2021-09-11T23:00:00.000Z,Gerald J. Ford Stadium,SMU,North Texas,35,12,University Park,TX,32.8377223,-96.7827859
401328690,2021,2,2021-09-11T23:00:00.000Z,Ace W. Mumford Stadium,Southern,Miles College,41,24,Baton Rouge,LA,30.5221461,-91.1896087
401282190,2021,2,2021-09-11T23:00:00.000Z,M. M. Roberts Stadium,Southern Miss,Grambling,37,0,Hattiesburg,MS,31.3289321,-89.3318118
401328606,2021,2,2021-09-11T23:00:00.000Z,Dana J. Dykhouse Stadium,South Dakota State,Lindenwood,52,7,Brookings,SD,44.3210182,-96.7801386
401310700,2021,2,2021-09-11T23:00:00.000Z,University Stadium (NM),New Mexico,New Mexico State,34,25,Albuquerque,NM,35.0669479,-106.6283225
401282188,2021,2,2021-09-11T23:00:00.000Z,S.B. Ballard Stadium,Old Dominion,Hampton,47,7,Norfolk,VA,36.8889533,-76.3049175
401328463,2021,2,2021-09-11T23:00:00.000Z,Graham Stadium,UT Martin,Samford,33,27,Martin,TN,36.3448341,-88.8616245
401328216,2021,2,2021-09-11T23:00:00.000Z,Richardson Stadium,Davidson,Shaw,28,26,Davidson,NC,35.4995744,-80.8428419
401328145,2021,2,2021-09-11T23:00:00.000Z,Braly Municipal Stadium,North Alabama,Chattanooga,0,20,Florence,AL,34.810914,-87.670587
401328023,2021,2,2021-09-11T23:00:00.000Z,"Memorial Stadium (Stephenville, TX)",Tarleton State,Fort Lewis,54,7,Stephenville,TX,32.2191836,-98.2130634
401282184,2021,2,2021-09-11T23:00:00.000Z,Joe Aillet Stadium,Louisiana Tech,SE Louisiana,45,42,Ruston,LA,32.5321487,-92.6560019
401328160,2021,2,2021-09-11T23:00:00.000Z,Bob Ford Field,UAlbany,Rhode Island,14,16,Albany,NY,42.6808062,-73.8272841
401328427,2021,2,2021-09-11T23:00:00.000Z,Simmons Bank Liberty Stadium,Jackson State,Tennessee State,38,16,Memphis,TN,35.1209429,-89.977147
401282620,2021,2,2021-09-11T23:00:00.000Z,Hard Rock Stadium,Miami,App State,25,23,Miami Gardens,FL,25.9579665,-80.2388604
401282825,2021,2,2021-09-11T23:00:00.000Z,Camp Randall Stadium,Wisconsin,Eastern Michigan,34,7,Madison,WI,43.06994,-89.4126943
401287898,2021,2,2021-09-11T23:00:00.000Z,"Memorial Stadium (Norman, OK)",Oklahoma,Western Carolina,76,0,Norman,OK,35.2058537,-97.4423145
401328389,2021,2,2021-09-11T23:00:00.000Z,Paul Laird Field,Southeastern Oklahoma State,Harding University,32,31,Durant,OK,33.9919761,-96.3776762
401328398,2021,2,2021-09-11T23:00:00.000Z,Ruggles Field at Carpenter-Haygood Stadium,Henderson State,Northwestern Oklahoma State,55,7,Arkadelphia,AR,34.1209292,-93.053784
401328535,2021,2,2021-09-11T23:00:00.000Z,Wilkins Stadium,Southern Arkansas,Southwestern Oklahoma State,42,27,Magnolia,AR,33.2670725,-93.2393341
401328648,2021,2,2021-09-11T23:00:00.000Z,Parker Field at McCool Stadium,Delta State,McKendree,45,17,Cleveland,MS,33.7440023,-90.7248187
401328696,2021,2,2021-09-11T23:00:00.000Z,Blue Wahoos Stadium,West Florida,Southwest Baptist,63,14,Pensacola,FL,30.421309,-87.2169149
401328714,2021,2,2021-09-11T23:00:00.000Z,Jack Miller Stadium,Ashland,Ferris State,19,45,Ashland,OH,40.8686147,-82.3175942
401328936,2021,2,2021-09-11T23:00:00.000Z,Lubbers Stadium,Grand Valley State University,CSU Pueblo,34,14,Allendale,MI,42.968996,-85.894735
401328991,2021,2,2021-09-11T23:00:00.000Z,Albany State University Coliseum,Albany State GA,Shorter,28,12,Albany,GA,31.5782062,-84.1556809
401329069,2021,2,2021-09-11T23:00:00.000Z,Swisher Field,Northern State,Southwest Minnesota State,30,13,Aberdeen,SD,45.4649805,-98.487813
401329351,2021,2,2021-09-11T23:00:00.000Z,O'Harra Stadium,South Dakota Mines,Mayville State,52,7,Rapid City,SD,44.0869329,-103.2274481
401329451,2021,2,2021-09-11T23:00:00.000Z,Ratliff Stadium,UT Permian Basin,West Texas A&M,42,31,Odessa,TX,31.8457149,-102.367687
401329492,2021,2,2021-09-11T23:00:00.000Z,James S. Malosky Stadium,Minnesota Duluth,Minnesota State Mankato,30,10,Duluth,MN,46.7729322,-92.1251218
401329708,2021,2,2021-09-11T23:00:00.000Z,"Frank ""Muddy"" Waters Stadium",Hillsdale,Indianapolis,31,35,Hillsdale,MI,41.8779105,-84.5984396
401330018,2021,2,2021-09-11T23:00:00.000Z,Dignity Health Sports Park,East Texas A&M,Midwestern State,30,31,Carson,CA,33.864,-118.261
401282182,2021,2,2021-09-11T23:00:00.000Z,FIU Stadium,Florida International,Texas State,17,23,Miami,FL,25.7525014,-80.3778912
401309603,2021,2,2021-09-11T23:00:00.000Z,Cajun Field,Louisiana,Nicholls,27,24,Lafayette,LA,30.2158434,-92.0417371
401287901,2021,2,2021-09-11T23:00:00.000Z,Jones AT&T Stadium,Texas Tech,Stephen F. Austin,28,22,Lubbock,TX,33.5910518,-101.8728824
401282057,2021,2,2021-09-11T23:00:00.000Z,Razorback Stadium,Arkansas,Texas,40,21,Fayetteville,AR,36.0680662,-94.1789534
401332300,2021,2,2021-09-11T23:00:00.000Z,Bulldog Stadium,Bryant,Sacred Heart,17,6,Smithfield,RI,41.924206,-71.5385124
401328012,2021,2,2021-09-11T23:00:00.000Z,Elliott T. Bowers Stadium,Sam Houston,Southeast Missouri State,52,14,Huntsville,TX,30.713926,-95.5419802
401328599,2021,2,2021-09-11T23:00:00.000Z,Jack Spinks Stadium,Alcorn State,Northwestern State,13,10,Lorman,MS,31.873621,-91.13488
401328080,2021,2,2021-09-11T23:00:00.000Z,Husky Stadium,Houston Christian,Northern Colorado,13,45,Houston,TX,29.6949025,-95.5167353
401328080,2021,2,2021-09-11T23:00:00.000Z,Husky Stadium,Houston Christian,Northern Colorado,13,45,Saint Cloud,MN,45.5616075,-94.1642004
401328080,2021,2,2021-09-11T23:00:00.000Z,Husky Stadium,Houston Christian,Northern Colorado,13,45,Seattle,WA,47.6503235,-122.3015746
401282619,2021,2,2021-09-11T23:00:00.000Z,L&N Federal Credit Union Stadium,Louisville,Eastern Kentucky,30,3,Louisville,KY,38.2057621,-85.7588141
401282621,2021,2,2021-09-11T23:30:00.000Z,Kenan Stadium,North Carolina,Georgia State,59,17,Chapel Hill,NC,35.9069294,-79.0478889
401286207,2021,2,2021-09-11T23:30:00.000Z,SECU Stadium,Maryland,Howard,62,0,College Park,MD,38.9903332,-76.9473792
401282063,2021,2,2021-09-11T23:30:00.000Z,Vaught-Hemingway Stadium,Ole Miss,Austin Peay,54,17,Oxford,MS,34.3619837,-89.5342076
401282724,2021,2,2021-09-11T23:30:00.000Z,"Memorial Stadium (Bloomington, IN)",Indiana,Idaho,56,14,Bloomington,IN,39.1808959,-86.5256217
401282061,2021,2,2021-09-11T23:30:00.000Z,Kroger Field,Kentucky,Missouri,35,28,Lexington,KY,38.0220905,-84.5053408
401328694,2021,2,2021-09-11T23:30:00.000Z,William B. Greene Jr. Stadium,East Tennessee State,UVA Wise,45,14,Johnson City,TN,36.299084,-82.374117
401282617,2021,2,2021-09-12T00:00:00.000Z,Doak Campbell Stadium,Florida State,Jacksonville State,17,20,Tallahassee,FL,30.4381692,-84.3044032
401282773,2021,2,2021-09-12T00:00:00.000Z,Michigan Stadium,Michigan,Washington,31,10,Ann Arbor,MI,42.2658365,-83.7486956
401282062,2021,2,2021-09-12T00:00:00.000Z,Tiger Stadium (LA),LSU,McNeese,34,7,Baton Rouge,LA,30.412035,-91.1838163
401327967,2021,2,2021-09-12T00:00:00.000Z,Plaster Sports Complex,Missouri State,Central Arkansas,43,34,Springfield,MO,37.1976229,-93.2798119
401328064,2021,2,2021-09-12T00:00:00.000Z,Bobcat Stadium,Montana State,Drake,45,7,Bozeman,MT,45.659048,-111.049547
401328070,2021,2,2021-09-12T00:00:00.000Z,Washington-Grizzly Stadium,Montana,Western Illinois,42,7,Missoula,MT,46.8638753,-113.9815042
401328679,2021,2,2021-09-12T00:00:00.000Z,Gayle and Tom Benson Stadium,Incarnate Word,Prairie View A&M,40,9,San Antonio,TX,29.4674787,-98.470014
401329024,2021,2,2021-09-12T00:00:00.000Z,Al Whitehead Field at Greyhound Stadium,Eastern New Mexico,Adams State,42,14,Portales,NM,34.1861922,-103.334397
401329395,2021,2,2021-09-12T00:00:00.000Z,Francis G. Welch Stadium,Emporia State University,Central Oklahoma,31,21,Emporia,KS,38.4040054,-96.181623
401329487,2021,2,2021-09-12T00:00:00.000Z,Carnie Smith Stadium,Pittsburg St,Nebraska-Kearney,17,28,Pittsburg,KS,37.4108841,-94.70496
401330250,2021,2,2021-09-12T00:00:00.000Z,Javelina Stadium,Texas A&M-Kingsville,Western Oregon,24,10,Kingsville,TX,27.5158689,-97.856109
401328095,2021,2,2021-09-12T01:00:00.000Z,Hornet Stadium,Sacramento State,Northern Iowa,16,34,Sacramento,CA,38.5556718,-121.4229607
401328095,2021,2,2021-09-12T01:00:00.000Z,Hornet Stadium,Sacramento State,Northern Iowa,16,34,Montgomery,AL,32.3642223,-86.2896902
401309846,2021,2,2021-09-12T02:00:00.000Z,Arizona Stadium,Arizona,San Diego State,14,38,Tucson,AZ,32.2288054,-110.9488677
401282068,2021,2,2021-09-12T02:00:00.000Z,Canvas Stadium,Colorado State,Vanderbilt,21,24,Fort Collins,CO,40.570015,-105.088435
401310702,2021,2,2021-09-12T02:00:00.000Z,Valley Children's Stadium,Fresno State,Cal Poly,63,10,Fresno,CA,36.8143527,-119.7580092
401327978,2021,2,2021-09-12T02:00:00.000Z,Greater Zion Stadium,Utah Tech,Weber State,3,41,Saint George,UT,37.1098868,-113.5674494
401309848,2021,2,2021-09-12T02:15:00.000Z,LaVell Edwards Stadium,BYU,Utah,26,17,Provo,UT,40.2575347,-111.6545247
401310703,2021,2,2021-09-12T02:30:00.000Z,Mackay Stadium,Nevada,Idaho State,49,10,Reno,NV,39.5469459,-119.8175435
401309847,2021,2,2021-09-12T02:30:00.000Z,Mountain America Stadium,Arizona State,UNLV,37,10,Tempe,AZ,33.4264471,-111.9325005
401309843,2021,2,2021-09-12T02:30:00.000Z,Los Angeles Memorial Coliseum,USC,Stanford,28,42,Los Angeles,CA,34.014167,-118.287778
401309844,2021,2,2021-09-12T03:00:00.000Z,Reser Stadium,Oregon State,Hawai'i,45,27,Corvallis,OR,44.5594559,-123.2814341
401426532,2022,1,2022-08-27T16:00:00.000Z,Houchens Industries-L.T. Smith Stadium,Western Kentucky,Austin Peay,38,27,Bowling Green,KY,36.9847901,-86.4594041
401405059,2022,1,2022-08-27T16:30:00.000Z,Aviva Stadium,Northwestern,Nebraska,31,28,Dublin,,53.33523,-6.228447
401439512,2022,1,2022-08-27T19:00:00.000Z,,Florida Memorial University,Edward Waters,39,34,,,,
401413256,2022,1,2022-08-27T19:30:00.000Z,Allegiant Stadium,UNLV,Idaho State,52,21,Las Vegas,NV,36.1672559,-115.1485163
401413213,2022,1,2022-08-27T19:30:00.000Z,Cramton Bowl,Jacksonville State,Stephen F. Austin,42,17,Montgomery,AL,32.37949,-86.293002
401405058,2022,1,2022-08-27T20:00:00.000Z,"Memorial Stadium (Champaign, IL)",Illinois,Wyoming,38,6,Champaign,IL,40.0993268,-88.2359569
401404146,2022,1,2022-08-27T20:00:00.000Z,Maverik Stadium,Utah State,UConn,31,20,Logan,UT,41.7517394,-111.8116007
401411090,2022,1,2022-08-27T21:00:00.000Z,Doak Campbell Stadium,Florida State,Duquesne,47,7,Tallahassee,FL,30.4381692,-84.3044032
401426530,2022,1,2022-08-27T23:00:00.000Z,FAU Stadium,Florida Atlantic,Charlotte,43,13,Boca Raton,FL,26.3763763,-80.1015759
401422922,2022,1,2022-08-27T23:00:00.000Z,Five Star Stadium at the Moye Complex,Mercer,Morehead State,63,13,Macon,GA,32.8262075,-83.6522485
401423448,2022,1,2022-08-27T23:00:00.000Z,Center Parc Stadium,Alabama State,Howard,23,13,Atlanta,GA,33.735267,-84.389949
401411091,2022,1,2022-08-28T00:15:00.000Z,Kenan Stadium,North Carolina,Florida A&M,56,24,Chapel Hill,NC,35.9069294,-79.0478889
401426531,2022,1,2022-08-28T01:00:00.000Z,Sun Bowl,UTEP,North Texas,13,31,El Paso,TX,31.7733353,-106.507957
401409235,2022,1,2022-08-28T02:00:00.000Z,Aggie Memorial Stadium,New Mexico State,Nevada,12,23,Las Cruces,NM,32.2796202,-106.7411148
401403853,2022,1,2022-08-28T02:30:00.000Z,Clarence T.C. Ching Athletics Complex,Hawai'i,Vanderbilt,10,63,Honolulu,HI,21.294294,-157.819338
401437007,2022,1,2022-09-01T18:00:00.000Z,Sanchez Family Stadium,New Mexico Highlands,Eastern New Mexico,18,34,Las Vegas,NM,35.5939325,-105.2238969
401433043,2022,1,2022-09-01T21:30:00.000Z,Jess Dow Field,Southern Connecticut State,Shepherd,7,48,New Haven,CT,41.3082138,-72.9250518
401430722,2022,1,2022-09-01T22:00:00.000Z,Pioneer Field (TN),Greeneville,St. Augustine's,70,13,Greeneville,TN,36.1631575,-82.8309861
401430716,2022,1,2022-09-01T22:00:00.000Z,Mitchell Stadium,Bluefield State,Johnson C Smith,35,34,Bluefield,WV,37.2698395,-81.2223195
401418776,2022,1,2022-09-01T22:00:00.000Z,Memorial Stadium,Indiana State,North Alabama,17,14,Terre Haute,IN,39.4746858,-87.3669599
401418776,2022,1,2022-09-01T22:00:00.000Z,Memorial Stadium,Indiana State,North Alabama,17,14,Lawrence,KS,38.9629418,-95.2463686
401418776,2022,1,2022-09-01T22:00:00.000Z,Memorial Stadium,Indiana State,North Alabama,17,14,Columbia,MO,38.9358491,-92.3332009
401432134,2022,1,2022-09-01T22:00:00.000Z,"Memorial Stadium (Clarion, PA)",Clarion,West Liberty,14,21,Clarion,PA,41.2148975,-79.3857047
401431571,2022,1,2022-09-01T22:00:00.000Z,Jack Miller Stadium,Ashland,Notre Dame College,31,14,Ashland,OH,40.8686147,-82.3175942
401421137,2022,1,2022-09-01T22:00:00.000Z,Barker-Lane Stadium,Campbell,The Citadel,29,10,Buies Creek,NC,35.4047689,-78.7424842
401416568,2022,1,2022-09-01T22:00:00.000Z,InfoCision Stadium,Akron,St. Francis (PA),30,23,Akron,OH,41.0725534,-81.5083408
401431978,2022,1,2022-09-01T22:00:00.000Z,Garrison Stadium,Chowan,Wilson,3,17,Murfreesboro,TN,36.434053,-77.098431
401428480,2022,1,2022-09-01T22:00:00.000Z,Wagner College Stadium,Wagner,Fordham,31,48,Staten Island,NY,40.614688,-74.090639
401431561,2022,1,2022-09-01T22:00:00.000Z,Harvey Randall Wickes Memorial Stadium,Saginaw Valley State,West Virginia Wesleyan,72,0,University Center,MI,25.71414555,-80.27640498387049
401431542,2022,1,2022-09-01T22:00:00.000Z,Sherman Field,Michigan Tech,Wisconsin-Platteville,23,13,Houghton,MI,46.8591287,-88.7774734
401432987,2022,1,2022-09-01T22:30:00.000Z,Adamson Stadium,PennWest California,Fairmont State,35,15,Brownsville,PA,40.0236854,-79.8839357
401432412,2022,1,2022-09-01T23:00:00.000Z,Scheels Field at Nemzek Stadium,Minnesota State Moorhead,Sioux Falls,14,27,Moorhead,MN,46.8739081,-96.7538674
401431509,2022,1,2022-09-01T23:00:00.000Z,Allgood-Bailey Stadium,Missouri S&T,South Dakota Mines,20,43,Rolla,MO,37.95037,-91.780444
401411092,2022,1,2022-09-01T23:00:00.000Z,Acrisure Stadium,Pittsburgh,West Virginia,38,31,Pittsburgh,PA,40.4467648,-80.0157603
401431214,2022,1,2022-09-01T23:00:00.000Z,Fred Zollner Athletic Stadium,Trine University,Anderson (IN),38,0,Angola,IN,41.634874,-84.99928
401431472,2022,1,2022-09-01T23:00:00.000Z,Paul Laird Field,Southeastern Oklahoma State,Arkansas Tech,41,34,Durant,OK,33.9919761,-96.3776762
401431499,2022,1,2022-09-01T23:00:00.000Z,Superior Dome,Northern Michigan,McKendree,24,31,Marquette,MI,46.560589,-87.393741
401431849,2022,1,2022-09-01T23:00:00.000Z,Bazemore-Hyder Stadium,Valdosta State,Keiser University,36,21,Valdosta,GA,30.8327022,-83.2784851
401432152,2022,1,2022-09-01T23:00:00.000Z,Bishop Schmitt Field,Wheeling,Seton Hill,25,11,Wheeling,WV,40.0639616,-80.7209149
401421156,2022,1,2022-09-01T23:00:00.000Z,Paladin Stadium,Furman,North Greenville,52,0,Greenville,SC,34.920192,-82.4370917
401432403,2022,1,2022-09-01T23:00:00.000Z,James S. Malosky Stadium,Minnesota Duluth,Southwest Minnesota State,31,21,Duluth,MN,46.7729322,-92.1251218
401432383,2022,1,2022-09-01T23:00:00.000Z,Grappone Stadium,St. Anselm,Millersville,28,10,Manchester,NH,42.9956397,-71.4547891
401455581,2022,1,2022-09-01T23:00:00.000Z,Pace Stadium,Pace,East Stroudsburg University,31,16,Pleasantville,NY,41.1328736,-73.7926335
401426533,2022,1,2022-09-01T23:00:00.000Z,FIU Stadium,Florida International,Bryant,38,37,Miami,FL,25.7525014,-80.3778912
401438660,2022,1,2022-09-01T23:00:00.000Z,Taylor Field,Lakeland,Illinois College,20,38,Plymouth,WI,43.7486054,-87.977038
401415610,2022,1,2022-09-01T23:00:00.000Z,FBC Mortgage Stadium,UCF,South Carolina State,56,10,Orlando,FL,28.6079765,-81.1927233
401431517,2022,1,2022-09-01T23:00:00.000Z,QU Stadium,Quincy,Glenville State,15,44,Quincy,IL,39.9356016,-91.4098727
401431936,2022,1,2022-09-01T23:00:00.000Z,Yager Stadium at Moore Bowl,Washburn,Lincoln (MO),45,3,Topeka,KS,39.049011,-95.677556
401424414,2022,1,2022-09-01T23:00:00.000Z,Kenneth P. LaValle Stadium,Stony Brook,Rhode Island,14,35,Stony Brook,NY,40.9188829,-73.1242966
401432239,2022,1,2022-09-01T23:00:00.000Z,Ernest W. Spangler Stadium,Gardner-Webb,Limestone,56,21,Boiling Springs,NC,35.2457593,-81.6739887
401438604,2022,1,2022-09-01T23:00:00.000Z,Carl Smith Stadium,UVA Wise,Ferrum,41,9,Wise,VA,36.9759345,-82.5757108
401424402,2022,1,2022-09-01T23:00:00.000Z,Wildcat Stadium,New Hampshire,Monmouth,31,21,Durham,NH,43.1386231,-70.9393077
401438595,2022,1,2022-09-01T23:00:00.000Z,McConnell Family Stadium,Gannon,University Of Charleston (WV),47,13,Erie,PA,42.1294712,-80.0852695
401430986,2022,1,2022-09-01T23:00:00.000Z,Harper Davis Field,Millsaps,Belhaven,21,49,Jackson,MS,32.2990021,-90.1847691
401430702,2022,1,2022-09-01T23:00:00.000Z,Hovey Field,Virginia Union,Virginia University Of Lynchburg,77,0,Richmond,VA,37.5385087,-77.43428
401441990,2022,1,2022-09-01T23:00:00.000Z,Glass Bowl,Toledo,Long Island University,37,0,Toledo,OH,41.6574777,-83.6135652
401432119,2022,1,2022-09-01T23:00:00.000Z,Bobcat Stadium (MD),Frostburg State,American International,21,7,Frostburg,MD,39.6581425,-78.928357
401418645,2022,1,2022-09-01T23:00:00.000Z,Seibert Stadium,Samford,Kennesaw State,27,17,Homewood,AL,33.463273,-86.795326
401431531,2022,1,2022-09-01T23:00:00.000Z,Lubbers Stadium,Grand Valley State University,Colorado School Of Mines,25,22,Allendale,MI,42.968996,-85.894735
401403864,2022,1,2022-09-01T23:00:00.000Z,Neyland Stadium,Tennessee,Ball State,59,10,Knoxville,TN,35.9550131,-83.9250128
401416569,2022,1,2022-09-01T23:00:00.000Z,Boone Pickens Stadium,Oklahoma State,Central Michigan,58,44,Stillwater,OK,36.125673,-97.066513
401432392,2022,1,2022-09-01T23:00:00.000Z,Chet Anderson Stadium,Bemidji State,Minnesota State Mankato,34,37,Bemidji,MN,47.4785418,-94.8907869
401432429,2022,1,2022-09-01T23:00:00.000Z,Swisher Field,Northern State,Upper Iowa University,30,0,Aberdeen,SD,45.4649805,-98.487813
401431465,2022,1,2022-09-01T23:00:00.000Z,Crain Family Stadium,Oklahoma Baptist,Ouachita Baptist,32,42,Shawnee,OK,35.3272928,-96.9253004
401431479,2022,1,2022-09-01T23:00:00.000Z,Wilkins Stadium,Southern Arkansas,Northwestern Oklahoma State,62,31,Magnolia,AR,33.2670725,-93.2393341
401431408,2022,1,2022-09-01T23:00:00.000Z,Koi Ishto Stadium,East Central (OK),Harding University,12,29,Ada,OK,34.7743383,-96.6783651
401431484,2022,1,2022-09-01T23:00:00.000Z,Southern Nazarene University Football Stadium,Southern Nazarene,Arkansas-Monticello,26,40,Bethany,OK,35.5186728,-97.6322648
401411093,2022,1,2022-09-01T23:30:00.000Z,Allegacy Federal Credit Union Stadium,Wake Forest,VMI,44,10,Winston-Salem,NC,36.1305507,-80.2545851
401431591,2022,1,2022-09-01T23:30:00.000Z,Top Taggart Field,Ferris State,Central Washington,36,20,Big Rapids,MI,43.698078,-85.483656
401425510,2022,1,2022-09-01T23:30:00.000Z,William B. Greene Jr. Stadium,East Tennessee State,Mars Hill,44,7,Johnson City,TN,36.299084,-82.374117
401420840,2022,1,2022-09-01T23:30:00.000Z,Graham Stadium,UT Martin,Western Illinois,42,25,Martin,TN,36.3448341,-88.8616245
401432421,2022,1,2022-09-01T23:30:00.000Z,Sea Foam Stadium,Concordia University St Paul,Augustana University (SD),14,28,Saint Paul,MN,44.9497487,-93.0931028
401433087,2022,1,2022-09-02T00:00:00.000Z,Greene Stadium,William Jewell,Colorado Mesa,14,37,Liberty,MO,39.246479,-94.419079
401426537,2022,1,2022-09-02T00:00:00.000Z,Memorial Stadium,Missouri,Louisiana Tech,52,24,Terre Haute,IN,39.4746858,-87.3669599
401426537,2022,1,2022-09-02T00:00:00.000Z,Memorial Stadium,Missouri,Louisiana Tech,52,24,Lawrence,KS,38.9629418,-95.2463686
401426537,2022,1,2022-09-02T00:00:00.000Z,Memorial Stadium,Missouri,Louisiana Tech,52,24,Columbia,MO,38.9358491,-92.3332009
401416592,2022,1,2022-09-02T00:00:00.000Z,Huskie Stadium,Northern Illinois,Eastern Illinois,34,27,DeKalb,IL,41.9339586,-88.7778357
401420806,2022,1,2022-09-02T00:00:00.000Z,Estes Stadium,Central Arkansas,Missouri State,14,27,Conway,AR,35.0802599,-92.460045
401431945,2022,1,2022-09-02T00:00:00.000Z,Fred G. Hughes Stadium,Missouri Southern State,Nebraska-Kearney,7,24,Joplin,MO,37.08418,-94.51323
401431926,2022,1,2022-09-02T00:00:00.000Z,Bearcat Stadium,Northwest Missouri St,Fort Hays State,33,19,Maryville,MO,40.3460468,-94.8723858
401432370,2022,1,2022-09-02T00:00:00.000Z,Craig Field at Spratt Memorial Stadium,Missouri Western,Central Oklahoma,35,0,Saint Joseph,MO,39.7686055,-94.8466322
401431915,2022,1,2022-09-02T00:00:00.000Z,Carnie Smith Stadium,Pittsburg St,Central Missouri,21,10,Pittsburg,KS,37.4108841,-94.70496
401420877,2022,1,2022-09-02T00:00:00.000Z,Eccles Coliseum,Southern Utah,St. Thomas (MN),44,13,Cedar City,UT,37.6757919,-113.0773938
401418782,2022,1,2022-09-02T00:00:00.000Z,Wildcat Stadium (TX),Abilene Christian,Lamar,28,14,Abilene,TX,32.472275,-99.710464
401432372,2022,1,2022-09-02T00:00:00.000Z,Francis G. Welch Stadium,Emporia State University,Northeastern State,42,17,Emporia,KS,38.4040054,-96.181623
401426534,2022,1,2022-09-02T00:00:00.000Z,Protective Stadium,UAB,Alabama A&M,59,0,Birmingham,AL,33.5206824,-86.8024326
401420880,2022,1,2022-09-02T00:00:00.000Z,"Memorial Stadium (Stephenville, TX)",Tarleton State,Mississippi Valley State,29,13,Stephenville,TX,32.2191836,-98.2130634
401431457,2022,1,2022-09-02T00:00:00.000Z,Ruggles Field at Carpenter-Haygood Stadium,Henderson State,Southwestern Oklahoma State,30,13,Arkadelphia,AR,34.1209292,-93.053784
401421125,2022,1,2022-09-02T00:00:00.000Z,Memorial Stadium (Commerce TX),East Texas A&M,Lincoln (CA),52,7,Commerce,TX,33.2442615,-95.9006353
401431610,2022,1,2022-09-02T00:00:00.000Z,Stewart Stadium,Weber State,Western Oregon,41,5,Ogden,UT,41.1918741,-111.9401391
401431886,2022,1,2022-09-02T00:00:00.000Z,LeGrand Stadium at 1st Community Credit Union Field,Angelo State,Chadron St,35,0,San Angelo,TX,31.4649685,-100.4405094
401433070,2022,1,2022-09-02T00:00:00.000Z,Henry Biesiot Activities Center,Dickinson State University,Black Hills State,2,17,Dickinson,ND,46.8791756,-102.7896242
401405064,2022,1,2022-09-02T00:00:00.000Z,Ross-Ade Stadium,Purdue,Penn State,31,35,West Lafayette,IN,40.4352253,-86.9186843
401405060,2022,1,2022-09-02T01:00:00.000Z,Huntington Bank Stadium,Minnesota,New Mexico State,38,0,Minneapolis,MN,44.976525,-93.2245462
401403965,2022,1,2022-09-02T02:00:00.000Z,Mountain America Stadium,Arizona State,Northern Arizona,40,3,Tempe,AZ,33.4264471,-111.9325005
401415213,2022,1,2022-09-02T02:30:00.000Z,CEFCU Stadium,San José State,Portland State,21,17,San Jose,CA,37.3196675,-121.8682962
401413224,2022,1,2022-09-02T02:30:00.000Z,Valley Children's Stadium,Fresno State,Cal Poly,35,7,Fresno,CA,36.8143527,-119.7580092
401433057,2022,1,2022-09-02T22:00:00.000Z,John A. Farrell Stadium,West Chester,Bentley,17,16,West Chester,PA,39.9597213,-75.6059638
401424415,2022,1,2022-09-02T22:00:00.000Z,Villanova Stadium,Villanova,Lehigh,45,17,Villanova,PA,40.0343329,-75.3367666
401450192,2022,1,2022-09-02T22:00:00.000Z,Sea Gull Stadium,Salisbury,Albright,49,0,Salisbury,MD,38.366027,-75.6009964
401431040,2022,1,2022-09-02T22:30:00.000Z,Walter M. Katz Field,Curry College,MIT,20,34,Milton,MA,42.2501425,-71.065573
401438649,2022,1,2022-09-02T23:00:00.000Z,Elliot Field Athletic Complex,Fitchburg State,Dean College,33,28,Fitchburg,MA,42.5903661,-71.8119837
401426535,2022,1,2022-09-02T23:00:00.000Z,Jerry Richardson Stadium,Charlotte,William & Mary,24,41,Charlotte,NC,35.3105033,-80.7401194
401439539,2022,1,2022-09-02T23:00:00.000Z,Stagg Field,Springfield,Western New England,42,14,Springfield,MA,42.1018764,-72.5886727
401438606,2022,1,2022-09-02T23:00:00.000Z,"Alumni Field (Westfield, MA)",Westfield State,Nichols College,29,30,Westfield,MA,42.1390327,-72.7584859
401450139,2022,1,2022-09-02T23:00:00.000Z,Turf Field,Reading,Ursinus,27,59,Reading,PA,40.335345,-75.9279495
401435072,2022,1,2022-09-02T23:00:00.000Z,Duane Stadium,Merrimack,Holy Cross,17,31,North Andover,MA,42.6839894,-71.1127065
401416591,2022,1,2022-09-02T23:00:00.000Z,Spartan Stadium,Michigan State,Western Michigan,35,13,East Lansing,MI,42.7281474,-84.4848526
401439542,2022,1,2022-09-02T23:00:00.000Z,John Coughlin Memorial Field,Worcester St,Worcester Polytechnic Institute,21,58,Worcester,MA,42.2625621,-71.8018877
401435140,2022,1,2022-09-02T23:00:00.000Z,Brooks Stadium (NY),Merchant Marine Academy,FDU-Florham,7,17,Kings Point,NY,40.8197813,-73.7351337
401436997,2022,1,2022-09-02T23:00:00.000Z,Shadek Stadium,Franklin & Marshall,Lebanon Valley,26,7,Lancaster,PA,40.03813,-76.3056686
401426330,2022,1,2022-09-02T23:00:00.000Z,S.B. Ballard Stadium,Old Dominion,Virginia Tech,20,17,Norfolk,VA,36.8889533,-76.3049175
401432654,2022,1,2022-09-02T23:00:00.000Z,Gesling Stadium,Carnegie Mellon,Whitworth,35,17,Pittsburgh,PA,40.4416941,-79.9900861
401416590,2022,1,2022-09-02T23:00:00.000Z,Rynearson Stadium,Eastern Michigan,Eastern Kentucky,42,34,Ypsilanti,MI,42.256126,-83.647285
401431107,2022,1,2022-09-02T23:00:00.000Z,Boswell Field at David J. Urick Stadium,Hobart College,Alfred University,36,6,Geneva,NY,42.8690271,-76.9786122
401411094,2022,1,2022-09-02T23:30:00.000Z,Wallace Wade Stadium,Duke,Temple,30,0,Durham,NC,35.9953688,-78.9417564
401404052,2022,1,2022-09-03T00:00:00.000Z,Memorial Stadium,Kansas,Tennessee Tech,56,10,Terre Haute,IN,39.4746858,-87.3669599
401404052,2022,1,2022-09-03T00:00:00.000Z,Memorial Stadium,Kansas,Tennessee Tech,56,10,Lawrence,KS,38.9629418,-95.2463686
401404052,2022,1,2022-09-03T00:00:00.000Z,Memorial Stadium,Kansas,Tennessee Tech,56,10,Columbia,MO,38.9358491,-92.3332009
401405061,2022,1,2022-09-03T00:00:00.000Z,"Memorial Stadium (Bloomington, IN)",Indiana,Illinois,23,20,Bloomington,IN,39.1808959,-86.5256217
401403966,2022,1,2022-09-03T02:00:00.000Z,Folsom Field,Colorado,TCU,13,38,Boulder,CO,40.0094746,-105.266905
401431029,2022,1,2022-09-03T16:00:00.000Z,Case Field,Case Western Reserve,Johns Hopkins University,14,54,Cleveland,OH,41.513447,-81.603634
401411095,2022,1,2022-09-03T16:00:00.000Z,Kidd Brewer Stadium,App State,North Carolina,61,63,Boone,NC,36.2114267,-81.6854278
401405069,2022,1,2022-09-03T16:00:00.000Z,"Alumni Stadium (Chestnut Hill, MA)",Boston College,Rutgers,21,22,Chestnut Hill,MA,42.335104,-71.1664413
401405067,2022,1,2022-09-03T16:00:00.000Z,Michigan Stadium,Michigan,Colorado State,51,7,Ann Arbor,MI,42.2658365,-83.7486956
401439546,2022,1,2022-09-03T16:00:00.000Z,Jamieson Stadium,Greensboro College,Guilford College,48,37,Greensboro,NC,36.0726355,-79.7919754
401432616,2022,1,2022-09-03T16:00:00.000Z,Selby Stadium,Ohio Wesleyan,Otterbein,13,21,Delaware,OH,40.2986724,-83.067965
401435118,2022,1,2022-09-03T16:00:00.000Z,Stadium Red Field,Cortland,Wittenberg,48,28,Cortland,NY,41.2446453,-73.9259559
401445766,2022,1,2022-09-03T16:00:00.000Z,Drake Field (NY),SUNY Morrisville,Kean,10,0,Morrisville,NY,42.8986566,-75.6402204
401432740,2022,1,2022-09-03T16:00:00.000Z,Frank B. Fuhrer Field,Allegheny,Union (NY),27,42,Meadville,PA,41.641445,-80.151449
401432529,2022,1,2022-09-03T16:00:00.000Z,Lions Stadium,College Of New Jersey,Moravian,31,13,Ewing,NJ,40.2688105,-74.8006895
401431403,2022,1,2022-09-03T16:00:00.000Z,Leonidoff Field,Marist,Georgetown,12,43,Poughkeepsie,NY,41.7191409,-73.9329549
401428336,2022,1,2022-09-03T16:00:00.000Z,Joe Walton Stadium,Robert Morris,Dayton,20,22,Moon Township,PA,40.521046,-80.2159227
401433013,2022,1,2022-09-03T16:00:00.000Z,Multi-Sport Stadium,Assumption,Kutztown University,3,0,Worcester,MA,42.2625621,-71.8018877
401411096,2022,1,2022-09-03T16:00:00.000Z,Dowdy-Ficklen Stadium,East Carolina,NC State,20,21,Greenville,NC,35.5968486,-77.364564
401431015,2022,1,2022-09-03T16:00:00.000Z,Birkelbach Field,Southwestern University,California Lutheran University,7,37,Georgetown,TX,30.6326942,-97.6772311
401438614,2022,1,2022-09-03T16:00:00.000Z,Toppa Field,Salve Regina,Norwich,7,0,Newport,RI,41.4899827,-71.3137707
401432790,2022,1,2022-09-03T16:00:00.000Z,Robert A. Lipinski Field at James Work Memorial Stadium,Delaware Valley,Westminster (PA),22,8,New Britain,PA,40.30815835,-75.2164370939226
401450146,2022,1,2022-09-03T16:00:00.000Z,Charles L. Currier Memorial Field,Plymouth State,Castleton,20,7,Plymouth,NH,43.757209,-71.688538
401415611,2022,1,2022-09-03T16:00:00.000Z,Navy-Marine Corps Memorial Stadium,Navy,Delaware,7,14,Annapolis,MD,38.9846985,-76.5076335
401422975,2022,1,2022-09-03T16:00:00.000Z,Buccaneer Field,Charleston Southern,Western Carolina,38,52,North Charleston,SC,32.9810239,-80.0659664
401431050,2022,1,2022-09-03T16:00:00.000Z,Cressy Field,UMass Dartmouth,Husson,35,14,Dartmouth,MA,41.6332267,-70.9879928
401403865,2022,1,2022-09-03T16:00:00.000Z,Kyle Field,Texas A&M,Sam Houston,31,0,College Station,TX,30.6098891,-96.3403828
401431984,2022,1,2022-09-03T16:00:00.000Z,Panther Stadium (OH),Ohio Dominican,Findlay,28,14,Columbus,OH,39.9622601,-83.0007065
401441936,2022,1,2022-09-03T16:00:00.000Z,Bob Boozer Field,Brockport,Framingham State,27,7,Brockport,NY,43.213671,-77.93918
401432551,2022,1,2022-09-03T16:00:00.000Z,Edward C. Swenson Athletic Complex,Bridgewater State,Ithaca College,14,51,Bridgewater,MA,41.9903787,-70.9750426
401404147,2022,1,2022-09-03T16:00:00.000Z,Pratt & Whitney Stadium,UConn,Central Connecticut,28,3,East Hartford,CT,41.7595675,-72.6187728
401430960,2022,1,2022-09-03T16:00:00.000Z,Don Drumm Stadium,Marietta,Dubuque,14,13,Marietta,OH,39.4167742,-81.4548392
401405062,2022,1,2022-09-03T16:00:00.000Z,Kinnick Stadium,Iowa,South Dakota State,7,3,Iowa City,IA,41.6586045,-91.5510829
401432518,2022,1,2022-09-03T16:00:00.000Z,,Wayland Baptist,Hardin-Simmons,14,79,,,,
401431067,2022,1,2022-09-03T16:00:00.000Z,Sprankle-Sprandel Stadium,Albion,Carthage,52,0,Albion,MI,42.243097,-84.7530304
401405066,2022,1,2022-09-03T16:00:00.000Z,SECU Stadium,Maryland,Buffalo,31,10,College Park,MD,38.9903332,-76.9473792
401422987,2022,1,2022-09-03T16:30:00.000Z,Fisher Field,Lafayette,Sacred Heart,6,0,Easton,PA,40.7009796,-75.2106499
401411100,2022,1,2022-09-03T16:30:00.000Z,Scott Stadium,Virginia,Richmond,34,17,Charlottesville,VA,38.0311801,-78.5137897
401423136,2022,1,2022-09-03T17:00:00.000Z,Butler Bowl,Butler,St. Thomas University (Fl),31,26,Indianapolis,IN,39.8444694,-86.1659242
401431525,2022,1,2022-09-03T17:00:00.000Z,Stokes Stadium,Truman State,Davenport,19,20,Kirksville,MO,40.1948848,-92.5833939
401433022,2022,1,2022-09-03T17:00:00.000Z,,Post University,Lock Haven University,34,35,,,,
401433049,2022,1,2022-09-03T17:00:00.000Z,Dickerson Stadium,West Virginia State,Shippensburg,29,6,Institute,WV,38.3836097,-81.7654665
401438225,2022,1,2022-09-03T17:00:00.000Z,Sodexo Field,Franklin Pierce,Edinboro University,7,10,Rindge,NH,42.7517669,-72.01012902437412
401435131,2022,1,2022-09-03T17:00:00.000Z,Kenneth R. Gill Stadium,McDaniel College,Catholic,27,37,Westminster,MD,39.5752639,-76.9959277
401439518,2022,1,2022-09-03T17:00:00.000Z,Growney Stadium,St John Fisher University,Buffalo State,62,21,Rochester,NY,43.157285,-77.615214
401431551,2022,1,2022-09-03T17:00:00.000Z,Hantz Stadium,Northwood (MI),Kentucky Wesleyan,55,13,Midland,MI,43.6155825,-84.2472117
401445793,2022,1,2022-09-03T17:00:00.000Z,Wightman Stadium,William Paterson,Western Connecticut St,28,7,Wayne,NJ,40.9491723,-74.2376802
401432817,2022,1,2022-09-03T17:00:00.000Z,Hardee-McGee Field,Sewanee,St. Scholastica,50,0,Sewanee,TN,35.200644,-85.91952368522726
401431274,2022,1,2022-09-03T17:00:00.000Z,Ingalls Field,Ripon,St. Norbert,13,10,Ripon,WI,43.8424502,-88.8372972
401431255,2022,1,2022-09-03T17:00:00.000Z,Sam Greeley Field,Rockford,Beloit,41,14,Rockford,IL,42.2713945,-89.093966
401430951,2022,1,2022-09-03T17:00:00.000Z,Clark Field,Coe College,Cornell College (IA),56,7,Cedar Rapids,IA,41.9758872,-91.6704053
401415209,2022,1,2022-09-03T17:00:00.000Z,Falcon Stadium,Air Force,Northern Iowa,48,17,Colorado Springs,CO,38.9969701,-104.8436165
401431194,2022,1,2022-09-03T17:00:00.000Z,Dial-Roberson Stadium,Ohio Northern,Alma,13,16,Ada,OH,38.8398935,-83.5051704
401438554,2022,1,2022-09-03T17:00:00.000Z,Charles D. Lindberg Stadium,Augustana (IL),Rhodes College,34,28,Rock Island,IL,41.4411786,-90.5766144
401441262,2022,1,2022-09-03T17:00:00.000Z,Sprague Field,Montclair State,Thiel,27,6,Montclair,NJ,40.8164458,-74.2210643
401432543,2022,1,2022-09-03T17:00:00.000Z,Hotchkiss Field,Gallaudet,Waynesburg,14,52,Washington,DC,38.8950368,-77.0365427
401433397,2022,1,2022-09-03T17:00:00.000Z,ECAV Stadium,Rensselaer,Dickinson (PA),14,7,Troy,NY,42.7284117,-73.6917878
401445128,2022,1,2022-09-03T17:00:00.000Z,Leckonby Stadium,St. Lawrence,Endicott College,0,27,Canton,NY,44.5956163,-75.1690942
401479976,2022,1,2022-09-03T17:00:00.000Z,Alumni Stadium (KY),Kentucky State,Delta State,10,33,Frankfort,KY,38.2009055,-84.8732836
401432772,2022,1,2022-09-03T17:00:00.000Z,Robert E. Thorn Field,Grove City College,Juniata College,63,6,Grove City,PA,41.1579008,-80.0886631
401431150,2022,1,2022-09-03T17:00:00.000Z,David Person Field,Lycoming,Susquehanna,16,45,Williamsport,PA,41.2493292,-77.0027671
401459907,2022,1,2022-09-03T17:00:00.000Z,Wright Stadium,Hartwick,SUNY Maritime,31,10,Oneonta,NY,42.453492,-75.0629531
401432581,2022,1,2022-09-03T17:00:00.000Z,McBride Field,Kenyon,Bluffton,33,26,Gambier,OH,40.375643,-82.3970994
401431840,2022,1,2022-09-03T17:00:00.000Z,Brevard Memorial Stadium,Brevard College,Shorter,6,45,Brevard,NC,35.2334472,-82.7342919
401431143,2022,1,2022-09-03T17:00:00.000Z,Blackstock Stadium,Depauw,Rose-Hulman,17,14,Greencastle,IN,39.6444898,-86.8647316
401429850,2022,1,2022-09-03T17:00:00.000Z,Bulldogs Stadium,Bowie State,New Haven,27,20,Bowie,MD,38.9424464,-76.7301718
401437201,2022,1,2022-09-03T17:00:00.000Z,Pioneer Stadium,Alfred State,Misericordia,17,14,Alfred,NY,42.2542334,-77.7906062
401439531,2022,1,2022-09-03T17:00:00.000Z,Chuck Noll Field,Saint Vincent,Stevenson,21,25,Latrobe,PA,40.317287,-79.3840301
401443324,2022,1,2022-09-03T17:00:00.000Z,Bison Stadium,Bethany (WV),Hiram College,26,16,Bethany,WV,40.205627,-80.5567384
401432110,2022,1,2022-09-03T17:00:00.000Z,Fred Selfe Stadium at Nicewonder Field,Emory & Henry College,Concord University,20,27,Meadowview,VA,37.3065238,-80.0267067
401438685,2022,1,2022-09-03T17:00:00.000Z,Leslie C. Quick Jr. Stadium,Widener,Rowan,20,42,Chester,PA,39.849557,-75.3557458
401431206,2022,1,2022-09-03T17:00:00.000Z,Angell Field,Kalamazoo,Oberlin,21,14,Kalamazoo,MI,42.291707,-85.5872286
401431202,2022,1,2022-09-03T17:00:00.000Z,Ray and Sue Smith Stadium,Hope College,Aurora,38,34,Holland,MI,42.7876022,-86.1090828
401432671,2022,1,2022-09-03T17:00:00.000Z,Cameron Stadium,Washington & Jefferson,John Carroll University,35,26,Washington,PA,31.3991238,-88.2019828
401438672,2022,1,2022-09-03T17:00:00.000Z,Shirk Field at Musselman Stadium,Gettysburg,Bridgewater (VA),14,29,Gettysburg,PA,39.8308973,-77.231012
401432623,2022,1,2022-09-03T17:00:00.000Z,Little Giant Stadium,Wabash College,Hampden-Sydney,52,48,Crawfordsville,IN,40.0401991,-86.8990249
401432726,2022,1,2022-09-03T17:00:00.000Z,Monarch Stadium,Methodist,Shenandoah,10,27,Fayetteville,NC,35.0525759,-78.878292
401441945,2022,1,2022-09-03T17:00:00.000Z,Athletic Field Complex,Keystone,Wilkes,21,48,La Plume,PA,41.5565738,-75.7551655
401431866,2022,1,2022-09-03T17:00:00.000Z,J.W. Babb Stadium,ERSKINE,UFTL,49,2,Greenwood,SC,34.1954001,-82.1617883
401430968,2022,1,2022-09-03T17:00:00.000Z,Legacy Field in Carlson Stadium,Luther,Presentation,6,29,Decorah,IA,43.3041609,-91.7859098
401432680,2022,1,2022-09-03T17:30:00.000Z,Mount Union Stadium,University of Mount Union,Defiance College,65,0,Alliance,OH,40.9153362,-81.1059309
401431136,2022,1,2022-09-03T17:30:00.000Z,Schueler Field,Mount St. Joseph,Baldwin Wallace,31,28,Cincinnati,OH,39.1014537,-84.5124602
401431059,2022,1,2022-09-03T17:30:00.000Z,Cadet Memorial Field,Coast Guard,Biddeford,10,17,New London,CT,41.3556187,-72.0997804
401413214,2022,1,2022-09-03T18:00:00.000Z,AmFirst Stadium,Jacksonville State,Davidson,35,17,Jacksonville,AL,33.8201052,-85.76647
401432510,2022,1,2022-09-03T18:00:00.000Z,Ron and Joyce Schipper Stadium,Central College,St. Olaf,44,13,Pella,IA,41.4073138,-92.9174074
401432975,2022,1,2022-09-03T18:00:00.000Z,Herb Parker Stadium,Minot State,Winona State,10,24,Minot,ND,48.23251,-101.296273
401404057,2022,1,2022-09-03T18:00:00.000Z,Jack Trice Stadium,Iowa State,Southeast Missouri State,42,10,Ames,IA,42.0139977,-93.6357716
401430975,2022,1,2022-09-03T18:00:00.000Z,Pete FioRito Stadium at McKinzie Field,Eureka College,Nebraska Wesleyan,6,31,Eureka,IL,40.7213015,-89.2726708
401432514,2022,1,2022-09-03T18:00:00.000Z,Carson Park,Wisconsin-Eau Claire,Loras College,30,27,Eau Claire,WI,44.811349,-91.4984941
401431117,2022,1,2022-09-03T18:00:00.000Z,Cutler Field,Olivet College,Franklin,35,31,Olivet,MI,42.4414273,-84.9241542
401425513,2022,1,2022-09-03T18:00:00.000Z,Alumni Stadium,Delaware State,Lincoln (PA),34,0,Dover,DE,39.189375,-75.5433185
401432810,2022,1,2022-09-03T18:00:00.000Z,Young-Wise Memorial Stadium,Hendrix College,Austin,20,0,Conway,AR,35.2521996,-92.6888936
401432560,2022,1,2022-09-03T18:00:00.000Z,MLC Bowl,Martin Luther,Concordia-Wisconsin,14,35,New Ulm,MN,44.3140261,-94.4614177
401432793,2022,1,2022-09-03T18:00:00.000Z,Lloyd L. Thornton Stadium,Maryville College (TN),Berry College,24,31,Maryville,TN,35.7564719,-83.9704593
401433408,2022,1,2022-09-03T18:00:00.000Z,War Memorial Stadium (AR),McMurry,Birmingham-Southern,9,26,Little Rock,AR,34.749848,-92.330127
401435346,2022,1,2022-09-03T18:00:00.000Z,J.J. Keller Field at Titan Stadium,Wisconsin-Oshkosh,East Texas Baptist University,52,13,Oshkosh,WI,44.0206919,-88.5408574
401431318,2022,1,2022-09-03T18:00:00.000Z,Concordia Stadium,Concordia University Chicago,Chicago,14,34,River Forest,IL,41.8978091,-87.8139483
401435059,2022,1,2022-09-03T18:00:00.000Z,Frank M. Lindsay Field,Millikin,Greenville,28,14,Decatur,IL,39.8454163,-88.9524151
401431293,2022,1,2022-09-03T18:00:00.000Z,Harley Knosher Bowl,Knox College,Westminster College (MO),26,0,Galesburg,IL,40.9475652,-90.3712169
401431246,2022,1,2022-09-03T18:00:00.000Z,Royal Stadium,Bethel (MN),Pacific Lutheran,41,9,Arden Hills,MN,45.0761409,-93.1666945
401431077,2022,1,2022-09-03T18:00:00.000Z,Langhorst Field,Elmhurst,Wisconsin-River Falls,0,63,Elmhurst,IL,41.8994745,-87.9403418
401435103,2022,1,2022-09-03T18:00:00.000Z,Clemens Stadium,Saint John's (MN),Wisconsin-Whitewater,24,10,Collegeville,MN,45.5944117,-94.3622868
401431821,2022,1,2022-09-03T18:00:00.000Z,Tom Benson Hall of Fame Stadium,Walsh,Tiffin,0,42,Canton,OH,40.7985464,-81.3749508
401431298,2022,1,2022-09-03T18:00:00.000Z,Farwell Field,Lake Forest College,Wisconsin-Lutheran,42,7,Lake Forest,IL,42.2586342,-87.840625
401420822,2022,1,2022-09-03T18:00:00.000Z,Stambaugh Stadium,Youngstown State,Duquesne,31,14,Youngstown,OH,41.1092964,-80.6501885
401445818,2022,1,2022-09-03T18:00:00.000Z,Robert B. Redman Stadium,Bloomsburg,Stonehill,30,33,Bloomsburg,PA,41.0044958,-76.4537302
401430996,2022,1,2022-09-03T18:00:00.000Z,Bulldog Stadium (TX),Texas Lutheran,Howard Payne,45,59,Seguin,TX,29.5688411,-97.9647269
401403971,2022,1,2022-09-03T18:30:00.000Z,Rose Bowl,UCLA,Bowling Green,45,17,Pasadena,CA,34.1613284,-118.1676462
401413333,2022,1,2022-09-03T19:00:00.000Z,Washington-Grizzly Stadium,Montana,Northwestern State,47,0,Missoula,MT,46.8638753,-113.9815042
401438680,2022,1,2022-09-03T19:00:00.000Z,McCulloch Stadium,Willamette,Pomona Pitzer,21,44,Salem,OR,44.9391565,-123.033121
401431579,2022,1,2022-09-03T19:00:00.000Z,Jack Britt Memorial Stadium,Lake Erie,Hillsdale,31,35,Painesville,OH,41.7244885,-81.245657
401415015,2022,1,2022-09-03T19:30:00.000Z,Joan C. Edwards Stadium,Marshall,Norfolk State,55,3,Huntington,WV,38.4247042,-82.4214412
401405063,2022,1,2022-09-03T19:30:00.000Z,"Memorial Stadium (Lincoln, NE)",Nebraska,North Dakota,38,17,Lincoln,NE,40.820682,-96.705594
401411097,2022,1,2022-09-03T19:30:00.000Z,Hard Rock Stadium,Miami,Bethune-Cookman,70,13,Miami Gardens,FL,25.9579665,-80.2388604
401415211,2022,1,2022-09-03T19:30:00.000Z,War Memorial Stadium,Wyoming,Tulsa,40,37,Laramie,WY,41.31161,-105.5681384
401426541,2022,1,2022-09-03T19:30:00.000Z,"Memorial Stadium (Norman, OK)",Oklahoma,UTEP,45,13,Norman,OK,35.2058537,-97.4423145
401403858,2022,1,2022-09-03T19:30:00.000Z,Mercedes-Benz Stadium,Georgia,Oregon,49,3,Atlanta,GA,33.755578,-84.400881
401426542,2022,1,2022-09-03T19:30:00.000Z,Alamodome,UTSA,Houston,35,37,San Antonio,TX,29.4169834,-98.4788143
401403855,2022,1,2022-09-03T19:30:00.000Z,Razorback Stadium,Arkansas,Cincinnati,31,24,Fayetteville,AR,36.0680662,-94.1789534
401403967,2022,1,2022-09-03T19:30:00.000Z,Snapdragon Stadium,San Diego State,Arizona,20,38,San Diego,CA,32.784444,-117.122833
401420836,2022,1,2022-09-03T19:30:00.000Z,Fargodome,North Dakota State,Drake,56,14,Fargo,ND,46.9029938,-96.8003251
401415612,2022,1,2022-09-03T20:00:00.000Z,Raymond James Stadium,South Florida,BYU,21,50,Tampa,FL,27.9758691,-82.5033344
401415176,2022,1,2022-09-03T20:00:00.000Z,Nottingham Field,Northern Colorado,Houston Christian,34,46,Greeley,CO,40.403493,-104.705139
401445811,2022,1,2022-09-03T20:00:00.000Z,Griswold Stadium,Lewis & Clark College,Puget Sound,41,15,Portland,OR,45.5202471,-122.6741949
401413236,2022,1,2022-09-03T20:00:00.000Z,Roos Field,Eastern Washington,Tennessee State,36,29,Cheney,WA,47.49278,-117.587353
401403968,2022,1,2022-09-03T20:00:00.000Z,California Memorial Stadium,California,UC Davis,34,13,Berkeley,CA,37.8710434,-122.2507729
401430671,2022,1,2022-09-03T20:00:00.000Z,George Williams Athletic Complex,Shaw,Wingate,7,21,Raleigh,NC,35.7803977,-78.6390989
401403860,2022,1,2022-09-03T20:00:00.000Z,Vaught-Hemingway Stadium,Ole Miss,Troy,28,10,Oxford,MS,34.3619837,-89.5342076
401439513,2022,1,2022-09-03T20:00:00.000Z,Earl Kitchings Stadium,Edward Waters,Clark Atlanta,34,39,Jacksonville,FL,30.3321838,-81.655651
401421116,2022,1,2022-09-03T21:00:00.000Z,Hancock Whitney Stadium,South Alabama,Nicholls,48,7,Mobile,AL,30.6943566,-88.0430541
401432888,2022,1,2022-09-03T21:00:00.000Z,Veterans Memorial Stadium (WI),Wisconsin-Lacrosse,Dakota State University,42,7,La Crosse,WI,43.8122836,-91.2514355
401415212,2022,1,2022-09-03T21:30:00.000Z,Mackay Stadium,Nevada,Texas State,38,14,Reno,NV,39.5469459,-119.8175435
401455583,2022,1,2022-09-03T22:00:00.000Z,McAfee Field,Finlandia University,Benedictine University,7,52,Hancock,MI,47.126871,-88.580956
401432090,2022,1,2022-09-03T22:00:00.000Z,Multi-Sport Performance Stadium,Alderson-Broaddus,Mercyhurst,28,45,Philippi,WV,39.1523198,-80.0403578
401413203,2022,1,2022-09-03T22:00:00.000Z,Finley Stadium,Chattanooga,Wofford,31,0,Chattanooga,TN,35.0363792,-85.3158835
401432880,2022,1,2022-09-03T22:00:00.000Z,Day Field,Randolph-Macon,North Carolina Wesleyan,49,7,Ashland,VA,37.7594012,-77.4806603
401423449,2022,1,2022-09-03T22:00:00.000Z,Hornet Stadium,Alabama State,Miles College,21,13,Sacramento,CA,38.5556718,-121.4229607
401423449,2022,1,2022-09-03T22:00:00.000Z,Hornet Stadium,Alabama State,Miles College,21,13,Montgomery,AL,32.3642223,-86.2896902
401423411,2022,1,2022-09-03T22:00:00.000Z,Spec Martin Municipal Stadium,Stetson,Concordia-Michigan,24,14,DeLand,FL,29.0208575,-81.2993746
401432331,2022,1,2022-09-03T22:00:00.000Z,Setzler Field,Newberry,Allen,40,6,Newberry,SC,34.286133,-81.622539
401431863,2022,1,2022-09-03T22:00:00.000Z,University Stadium (GA),West Georgia,Carson-Newman College,38,7,Carrollton,GA,33.5801103,-85.0766113
401444470,2022,1,2022-09-03T22:00:00.000Z,Alumni Memorial Stadium (NC),Livingstone,Catawba,19,44,Salisbury,NC,35.6709727,-80.4742261
401431566,2022,1,2022-09-03T22:00:00.000Z,Mihalik-Thompson Stadium,Slippery Rock,Wayne State (MI),42,10,Slippery Rock,PA,41.0639506,-80.0564468
401429860,2022,1,2022-09-03T22:00:00.000Z,Charlie W. Johnson Stadium,Benedict College,Elizabeth City State,52,14,Columbia,SC,34.0007493,-81.0343313
401430695,2022,1,2022-09-03T22:00:00.000Z,Helen and Leonard Moretz Stadium,Lenoir-Rhyne,Virginia St,38,19,Hickory,NC,35.7333312,-81.3442915
401431854,2022,1,2022-09-03T22:00:00.000Z,B.T. Harvey Stadium,Morehouse College,West Alabama,16,24,Atlanta,GA,33.7489924,-84.3902644
401431489,2022,1,2022-09-03T22:00:00.000Z,Key Stadium,Indianapolis,St. Xavier IL,57,0,Indianapolis,IN,39.7683331,-86.1583502
401430921,2022,1,2022-09-03T22:00:00.000Z,J. Leslie Rollins Stadium,Buena Vista,Gustavus Adolphus,20,62,Storm Lake,IA,42.6452817,-95.1992726
401426536,2022,1,2022-09-03T22:00:00.000Z,Peden Stadium,Ohio,Florida Atlantic,41,38,Athens,OH,39.3212794,-82.1034315
401426540,2022,1,2022-09-03T22:00:00.000Z,Los Angeles Memorial Coliseum,USC,Rice,66,14,Los Angeles,CA,34.014167,-118.287778
401426538,2022,1,2022-09-03T22:00:00.000Z,Bridgeforth Stadium,James Madison,Middle Tennessee,44,7,Harrisonburg,VA,38.4352919,-78.8729349
401424417,2022,1,2022-09-03T22:00:00.000Z,Armstrong Stadium,Hampton,Howard,31,28,Hampton,VA,37.0200894,-76.3331555
401420777,2022,1,2022-09-03T22:00:00.000Z,Allen E. Paulson Stadium,Georgia Southern,Morgan State,59,7,Statesboro,GA,32.4122471,-81.7849296
401432628,2022,1,2022-09-03T22:00:00.000Z,Wilson Field,Washington and Lee,Christopher Newport,3,9,Lexington,VA,37.7840208,-79.4428157
401422978,2022,1,2022-09-03T22:00:00.000Z,Christy Mathewson-Memorial Stadium,Bucknell,Towson,13,14,Lewisburg,PA,40.9519411,-76.884752
401432436,2022,1,2022-09-03T22:30:00.000Z,MDU Resources Community Bowl,University of Mary,Wayne State (NE),28,33,Bismarck,ND,46.808327,-100.783739
401420873,2022,1,2022-09-03T23:00:00.000Z,Jack Spinks Stadium,Alcorn State,Stephen F. Austin,27,31,Lorman,MS,31.873621,-91.13488
401423918,2022,1,2022-09-03T23:00:00.000Z,Panther Stadium,Prairie View A&M,Texas Southern,40,23,Prairie View,TX,30.0937874,-95.9960913
401435180,2022,1,2022-09-03T23:00:00.000Z,Deeds Field-Piper Stadium,Denison University,Capital,48,31,Granville,OH,40.0681192,-82.5196037
401424943,2022,1,2022-09-03T23:00:00.000Z,Golden Lion Stadium,Arkansas-Pine Bluff,Lane College,48,42,Pine Bluff,AR,34.253327,-92.0214031
401435106,2022,1,2022-09-03T23:00:00.000Z,Big Cat Stadium,Minnesota Morris,Macalester,24,45,Morris,MN,45.586072,-95.913941
401432646,2022,1,2022-09-03T23:00:00.000Z,Charles Lee Field at Samford Stadium,Huntingdon College (AL),Linfield College,34,41,Montgomery,AL,32.3669656,-86.3006485
401431006,2022,1,2022-09-03T23:00:00.000Z,Trinity University Stadium,Trinity University TX,Sul Ross State,55,7,San Antonio,TX,29.4246002,-98.4951405
401430708,2022,1,2022-09-03T23:00:00.000Z,"Luther ""Nick"" Jeralds Stadium",Fayetteville State,UNC Pembroke,15,13,Fayetteville,NC,35.0525759,-78.878292
401421121,2022,1,2022-09-03T23:00:00.000Z,Cajun Field,Louisiana,SE Louisiana,24,7,Lafayette,LA,30.2158434,-92.0417371
401431894,2022,1,2022-09-03T23:00:00.000Z,"Memorial Stadium (Wichita Falls, TX)",Midwestern State,CSU Pueblo,27,59,Wichita Falls,TX,33.9137085,-98.4933873
401431906,2022,1,2022-09-03T23:00:00.000Z,Ratliff Stadium,UT Permian Basin,Southwest Baptist,17,41,Odessa,TX,31.8457149,-102.367687
401405065,2022,1,2022-09-03T23:00:00.000Z,Camp Randall Stadium,Wisconsin,Illinois State,38,0,Madison,WI,43.06994,-89.4126943
401403857,2022,1,2022-09-03T23:00:00.000Z,Ben Hill Griffin Stadium,Florida,Utah,29,26,Gainesville,FL,29.6499357,-82.3485788
401404056,2022,1,2022-09-03T23:00:00.000Z,Bill Snyder Family Stadium,Kansas State,South Dakota,34,0,Manhattan,KS,39.2020096,-96.5938395
401403866,2022,1,2022-09-03T23:00:00.000Z,FirstBank Stadium,Vanderbilt,Elon,42,31,Nashville,TN,36.1440455,-86.8088942
401404134,2022,1,2022-09-03T23:00:00.000Z,Brooks Stadium (SC),Coastal Carolina,Army,38,28,Conway,SC,33.7928506,-79.0166946
401425418,2022,1,2022-09-03T23:00:00.000Z,Centennial Bank Stadium,Arkansas State,Grambling,58,3,Jonesboro,AR,35.8488977,-90.6677436
401420846,2022,1,2022-09-03T23:00:00.000Z,Gayle and Tom Benson Stadium,Incarnate Word,Southern Illinois,64,29,San Antonio,TX,29.4674787,-98.470014
401431094,2022,1,2022-09-03T23:00:00.000Z,Holmgren Athletic Complex,North Park,Manchester,14,23,Chicago,IL,41.8755616,-87.6244212
401431860,2022,1,2022-09-03T23:00:00.000Z,Blue Wahoos Stadium,West Florida,Warner University,52,3,Pensacola,FL,30.421309,-87.2169149
401435063,2022,1,2022-09-03T23:00:00.000Z,Charles A. Gaetano Stadium,Utica,University of Rochester (NY),43,28,Utica,NY,43.1009031,-75.2326641
401432323,2022,1,2022-09-03T23:00:00.000Z,Albany State University Coliseum,Albany State GA,Mississippi College,28,14,Albany,GA,31.5782062,-84.1556809
401441340,2022,1,2022-09-03T23:00:00.000Z,Knight Stadium,Southern Virginia,Wilmington (OH),27,52,Buena Vista,VA,37.7342962,-79.3539292
401423925,2022,1,2022-09-03T23:00:00.000Z,Ace W. Mumford Stadium,Southern,Florida Memorial University,86,0,Baton Rouge,LA,30.5221461,-91.1896087
401403856,2022,1,2022-09-03T23:00:00.000Z,Jordan-Hare Stadium,Auburn,Mercer,42,16,Auburn,AL,32.6025532,-85.4897479
401424416,2022,1,2022-09-03T23:00:00.000Z,McLane Stadium,Baylor,UAlbany,69,10,Waco,TX,31.5582015,-97.1156702
401432524,2022,1,2022-09-03T23:00:00.000Z,Crusader Stadium,Mary Hardin-Baylor,Muhlenberg,62,13,Belton,TX,31.0560132,-97.464453
401403859,2022,1,2022-09-03T23:00:00.000Z,Kroger Field,Kentucky,Miami (OH),37,13,Lexington,KY,38.0220905,-84.5053408
401404157,2022,1,2022-09-03T23:00:00.000Z,M. M. Roberts Stadium,Southern Miss,Liberty,27,29,Hattiesburg,MS,31.3289321,-89.3318118
401431178,2022,1,2022-09-03T23:00:00.000Z,Hoernemann Stadium,Heidelberg,Adrian,31,0,Tiffin,OH,41.114485,-83.1779537
401414778,2022,1,2022-09-03T23:00:00.000Z,Yulman Stadium,Tulane,Massachusetts,42,10,New Orleans,LA,29.944616,-90.116692
401435213,2022,1,2022-09-03T23:00:00.000Z,Community Stadium at Goerke Park,Wisconsin-Stevens Pt,Mayville State,24,31,Stevens Point,WI,44.5229223,-89.574111
401418609,2022,1,2022-09-03T23:00:00.000Z,Governors Stadium,Austin Peay,Presbyterian,63,0,Clarksville,TN,36.5362559,-87.3525507
401466246,2022,1,2022-09-03T23:00:00.000Z,Brown Field,Valparaiso,Indiana Wesleyan,20,17,Valparaiso,IN,41.465642,-87.0479446
401426539,2022,1,2022-09-03T23:30:00.000Z,DATCU Stadium,North Texas,SMU,10,48,Denton,TX,33.203899,-97.159245
401404124,2022,1,2022-09-03T23:30:00.000Z,Ohio Stadium,Ohio State,Notre Dame,21,10,Columbus,OH,40.0016447,-83.0197266
401403863,2022,1,2022-09-03T23:30:00.000Z,Williams-Brice Stadium,South Carolina,Georgia State,35,14,Columbia,SC,33.9730239,-81.0191726
401420797,2022,1,2022-09-03T23:30:00.000Z,Bank of America Stadium,North Carolina Central,North Carolina A&T,28,13,Charlotte,NC,35.225833,-80.852778
401432765,2022,1,2022-09-03T23:30:00.000Z,Reeves Field (PA),Geneva,Wooster,25,33,Beaver Falls,PA,40.7520097,-80.3192295
401403861,2022,1,2022-09-03T23:30:00.000Z,Davis Wade Stadium,Mississippi State,Memphis,49,23,Starkville,MS,33.4563403,-88.7933652
401403854,2022,1,2022-09-03T23:30:00.000Z,Bryant-Denny Stadium,Alabama,Utah State,55,0,Tuscaloosa,AL,33.2082752,-87.5503836
401431240,2022,1,2022-09-04T00:00:00.000Z,Old National Bank Stadium,Crown College,Hamline University,14,39,Saint Bonifacius,MN,,
401431911,2022,1,2022-09-04T00:00:00.000Z,Buffalo Stadium,Western Colorado,West Texas A&M,6,44,Canyon,TX,34.9799429,-101.919197
401404055,2022,1,2022-09-04T00:00:00.000Z,Jones AT&T Stadium,Texas Tech,Murray State,63,10,Lubbock,TX,33.5910518,-101.8728824
401404059,2022,1,2022-09-04T00:00:00.000Z,DKR-Texas Memorial Stadium,Texas,UL Monroe,52,10,Austin,TX,30.2836813,-97.7325345
401439762,2022,1,2022-09-04T00:00:00.000Z,Reynolds Field,Northwestern (MN),Augsburg,15,23,Roseville,MN,45.0060767,-93.1566107
401415210,2022,1,2022-09-04T00:00:00.000Z,University Stadium (NM),New Mexico,Maine,41,0,Albuquerque,NM,35.0669479,-106.6283225
401411099,2022,1,2022-09-04T00:00:00.000Z,JMA Wireless Dome,Syracuse,Louisville,31,7,Syracuse,NY,43.0362269,-76.1363161
401433060,2022,1,2022-09-04T00:00:00.000Z,Ben Altamirano Field,Western New Mexico,Adams State,34,20,Silver City,NM,32.7751371,-108.2754371
401430981,2022,1,2022-09-04T00:00:00.000Z,April Zorn Memorial Stadium,Monmouth (IL),Wartburg,7,34,Monmouth,IL,40.9127103,-90.6472477
401413340,2022,1,2022-09-04T00:00:00.000Z,Bobcat Stadium,Montana State,McNeese,40,17,Bozeman,MT,45.659048,-111.049547
401431901,2022,1,2022-09-04T00:00:00.000Z,Javelina Stadium,Texas A&M-Kingsville,North American University,60,0,Kingsville,TX,27.5158689,-97.856109
401403970,2022,1,2022-09-04T00:00:00.000Z,Stanford Stadium,Stanford,Colgate,41,10,Stanford,CA,37.4345556,-122.1611271
401432189,2022,1,2022-09-04T01:00:00.000Z,Torero Stadium,San Diego,La Verne,58,0,San Diego,CA,32.7730674,-117.183721
401403974,2022,1,2022-09-04T01:30:00.000Z,Gesa Field,Washington State,Idaho,24,17,Pullman,WA,46.731831,-117.1604991
401435149,2022,1,2022-09-04T02:00:00.000Z,Ernie Chapman Stadium,Chapman,Pacific (OR),42,21,Orange,CA,33.7500378,-117.8704931
401432637,2022,1,2022-09-04T02:00:00.000Z,Ted Runner Stadium,NEWBERG,Redlands,38,31,Redlands,CA,34.0550328,-117.1827445
401403969,2022,1,2022-09-04T02:30:00.000Z,Reser Stadium,Oregon State,Boise State,34,17,Corvallis,OR,44.5594559,-123.2814341
401403973,2022,1,2022-09-04T02:30:00.000Z,Husky Stadium,Washington,Kent State,45,20,Houston,TX,29.6949025,-95.5167353
401403973,2022,1,2022-09-04T02:30:00.000Z,Husky Stadium,Washington,Kent State,45,20,Saint Cloud,MN,45.5616075,-94.1642004
401403973,2022,1,2022-09-04T02:30:00.000Z,Husky Stadium,Washington,Kent State,45,20,Seattle,WA,47.6503235,-122.3015746
401420855,2022,1,2022-09-04T02:30:00.000Z,Hornet Stadium,Sacramento State,Utah Tech,56,33,Sacramento,CA,38.5556718,-121.4229607
401420855,2022,1,2022-09-04T02:30:00.000Z,Hornet Stadium,Sacramento State,Utah Tech,56,33,Montgomery,AL,32.3642223,-86.2896902
401426543,2022,1,2022-09-04T03:59:00.000Z,Clarence T.C. Ching Athletics Complex,Hawai'i,Western Kentucky,17,49,Honolulu,HI,21.294294,-157.819338
401431127,2022,1,2022-09-04T17:00:00.000Z,Alumni Stadium (IN),Hanover College,Centre College Kentucky,29,31,Hanover,IN,38.7142263,-85.4735707
401424947,2022,1,2022-09-04T19:00:00.000Z,Hard Rock Stadium,Jackson State,Florida A&M,59,3,Miami Gardens,FL,25.9579665,-80.2388604
401431983,2022,1,2022-09-04T20:00:00.000Z,Tom Benson Hall of Fame Stadium,Central State (OH),Winston-Salem,41,21,Canton,OH,40.7985464,-81.3749508
401432363,2022,1,2022-09-04T23:00:00.000Z,Cramton Bowl,Tuskegee,Fort Valley State,6,21,Montgomery,AL,32.37949,-86.293002
401403867,2022,1,2022-09-04T23:30:00.000Z,Caesars Superdome,Florida State,LSU,24,23,New Orleans,LA,29.950833,-90.081111
401411101,2022,1,2022-09-06T00:00:00.000Z,Mercedes-Benz Stadium,Georgia Tech,Clemson,10,41,Atlanta,GA,33.755578,-84.400881
401432091,2022,2,2022-09-08T22:00:00.000Z,West Family Stadium,West Liberty,Alderson-Broaddus,30,17,Wheeling,WV,40.0639616,-80.7209149
401431518,2022,2,2022-09-08T23:00:00.000Z,QU Stadium,Quincy,Trinity International (IL),53,14,Quincy,IL,39.9356016,-91.4098727
401446231,2022,2,2022-09-08T23:00:00.000Z,Duvall-Rosier Field,Fairmont State,University Of Charleston (WV),38,40,Fairmont,WV,39.4850848,-80.1425781
401432371,2022,2,2022-09-09T00:00:00.000Z,Wantland Stadium,Central Oklahoma,Emporia State University,21,13,Edmond,OK,35.6571367,-97.4649038
401431927,2022,2,2022-09-09T00:00:00.000Z,Lewis Field Stadium,Fort Hays State,Missouri Western,19,35,Hays,KS,38.8791783,-99.3267702
401420807,2022,2,2022-09-09T00:00:00.000Z,Plaster Sports Complex,Missouri State,UT Martin,35,30,Springfield,MO,37.1976229,-93.2798119
401431916,2022,2,2022-09-09T00:00:00.000Z,Audrey J. Walton Stadium at Vernon Kennedy Field,Central Missouri,Washburn,32,40,Warrensburg,MO,38.7624373,-93.7409596
401431953,2022,2,2022-09-09T00:00:00.000Z,Ron & Carol Cope Stadium at Foster Field,Nebraska-Kearney,Pittsburg St,28,35,Kearney,NE,40.4906216,-98.9472344
401438633,2022,2,2022-09-09T23:00:00.000Z,Robert T. Shields Field,FDU-Florham,William Paterson,28,21,Madison,NJ,40.7598227,-74.417097
401438607,2022,2,2022-09-09T23:00:00.000Z,Vendetti Field,Nichols College,Dean College,71,55,Dudley,MA,42.0572744,-71.9396898
401431160,2022,2,2022-09-09T23:00:00.000Z,Reinhart Field,SUNY Maritime,Mass Maritime,17,14,Bronx,NY,40.807528,-73.797744
401439543,2022,2,2022-09-09T23:00:00.000Z,"Alumni Stadium (Worcester, MA)",Worcester Polytechnic Institute,Endicott College,0,24,Worcester,MA,42.2625621,-71.8018877
401435073,2022,2,2022-09-09T23:00:00.000Z,Duane Stadium,Merrimack,Assumption,45,17,North Andover,MA,42.6839894,-71.1127065
401415613,2022,2,2022-09-09T23:30:00.000Z,FBC Mortgage Stadium,UCF,Louisville,14,20,Orlando,FL,28.6079765,-81.1927233
401415214,2022,2,2022-09-10T01:00:00.000Z,University Stadium (NM),New Mexico,Boise State,14,31,Albuquerque,NM,35.0669479,-106.6283225
401403879,2022,2,2022-09-10T16:00:00.000Z,FirstBank Stadium,Vanderbilt,Wake Forest,25,45,Nashville,TN,36.1440455,-86.8088942
401431108,2022,2,2022-09-10T16:00:00.000Z,Merrill Field at Yunevich Stadium,Alfred University,Mount St. Joseph,37,43,Alfred,NY,42.2542334,-77.7906062
401433053,2022,2,2022-09-10T16:00:00.000Z,John A. Farrell Stadium,West Chester,Slippery Rock,14,35,West Chester,PA,39.9597213,-75.6059638
401433030,2022,2,2022-09-10T16:00:00.000Z,Chryst Field at Biemesderfer Stadium,Millersville,Gannon,10,16,Millersville,PA,39.997998,-76.3545372
401432572,2022,2,2022-09-10T16:00:00.000Z,Charles A. Henry Field,Hiram College,Wooster,21,49,Hiram,OH,41.312555,-81.14371
401405080,2022,2,2022-09-10T16:00:00.000Z,Beaver Stadium,Penn State,Ohio,46,10,University Park,PA,40.8121958,-77.8561023
401433044,2022,2,2022-09-10T16:00:00.000Z,Ram Stadium (WV),Shepherd,Edinboro University,41,7,Shepherdstown,WV,39.4300996,-77.804161
401432988,2022,2,2022-09-10T16:00:00.000Z,Andre Reed Stadium,Kutztown University,PennWest California,24,19,Kutztown,PA,40.5173165,-75.7774177
401403869,2022,2,2022-09-10T16:00:00.000Z,Razorback Stadium,Arkansas,South Carolina,44,30,Fayetteville,AR,36.0680662,-94.1789534
401432589,2022,2,2022-09-10T16:00:00.000Z,Austin E. Knowlton Athletics Complex,Oberlin,Reading,35,38,Oberlin,OH,41.2939386,-82.2173786
401431187,2022,2,2022-09-10T16:00:00.000Z,Sprankle-Sprandel Stadium,Albion,Bluffton,51,2,Albion,MI,42.243097,-84.7530304
401445801,2022,2,2022-09-10T16:00:00.000Z,,Hilbert College,Denison University,0,63,,,,
401431170,2022,2,2022-09-10T16:00:00.000Z,Caparso Field,Anna Maria College,UMass Dartmouth,63,48,Paxton,MA,42.3122967,-71.934172
401438686,2022,2,2022-09-10T16:00:00.000Z,Stagg Field,Springfield,Rowan,35,38,Springfield,MA,42.1018764,-72.5886727
401431051,2022,2,2022-09-10T16:00:00.000Z,Dr. John W. Winkin Sports Complex,Husson,Plymouth State,0,17,Bangor,ME,44.8011821,-68.7778138
401441941,2022,2,2022-09-10T16:00:00.000Z,Stadium Red Field,Cortland,College Of New Jersey,63,7,Cortland,NY,41.2446453,-73.9259559
401445816,2022,2,2022-09-10T16:00:00.000Z,Arthur J. Rooney Athletic Field,Duquesne,Thomas More College,34,14,Pittsburgh,PA,40.4355808,-79.9900263
401432146,2022,2,2022-09-10T16:00:00.000Z,Grace P. Johnson Stadium,UNC Pembroke,West Virginia Wesleyan,50,26,Pembroke,NC,34.6801627,-79.1950373
401403876,2022,2,2022-09-10T16:00:00.000Z,Bill Snyder Family Stadium,Kansas State,Missouri,40,12,Manhattan,KS,39.2020096,-96.5938395
401405073,2022,2,2022-09-10T16:00:00.000Z,Ryan Field,Northwestern,Duke,23,31,Evanston,IL,42.0653994,-87.6924751
401426553,2022,2,2022-09-10T16:00:00.000Z,Michie Stadium,Army,UTSA,38,41,West Point,NY,41.3874924,-73.9640891
401411103,2022,2,2022-09-10T16:00:00.000Z,Center Parc Stadium,Georgia State,North Carolina,28,35,Atlanta,GA,33.735267,-84.389949
401456475,2022,2,2022-09-10T16:00:00.000Z,Barron Stadium,Shorter,Catawba,34,21,Rome,GA,34.257038,-85.1646726
401432694,2022,2,2022-09-10T16:00:00.000Z,"Memorial Stadium (Westerville, OH)",Otterbein,Heidelberg,7,34,Westerville,OH,40.126139,-82.9295287
401441263,2022,2,2022-09-10T16:00:00.000Z,Sprague Field,Montclair State,Delaware Valley,6,14,Montclair,NJ,40.8164458,-74.2210643
401405079,2022,2,2022-09-10T16:00:00.000Z,Ohio Stadium,Ohio State,Arkansas State,45,12,Columbus,OH,40.0016447,-83.0197266
401411105,2022,2,2022-09-10T16:00:00.000Z,Hard Rock Stadium,Miami,Southern Miss,30,7,Miami Gardens,FL,25.9579665,-80.2388604
401403868,2022,2,2022-09-10T16:00:00.000Z,DKR-Texas Memorial Stadium,Texas,Alabama,19,20,Austin,TX,30.2836813,-97.7325345
401432127,2022,2,2022-09-10T16:00:00.000Z,Mueller Field,Notre Dame College,Wheeling,27,14,South Euclid,OH,41.5231076,-81.5184553
401438666,2022,2,2022-09-10T16:00:00.000Z,Sabine Field at Haynes Family Stadium,Norwich,St. Lawrence,19,30,Northfield,VT,44.153195,-72.65679528850326
401439519,2022,2,2022-09-10T16:00:00.000Z,Bowditch Field,Framingham State,St John Fisher University,31,20,Framingham,MA,42.3095704,-71.4413097
401405071,2022,2,2022-09-10T16:00:00.000Z,Huntington Bank Stadium,Minnesota,Western Illinois,62,10,Minneapolis,MN,44.976525,-93.2245462
401435064,2022,2,2022-09-10T16:00:00.000Z,Charles A. Gaetano Stadium,Utica,Kean,21,15,Utica,NY,43.1009031,-75.2326641
401411106,2022,2,2022-09-10T16:30:00.000Z,Carter-Finley Stadium,NC State,Charleston Southern,55,3,Raleigh,NC,35.8008001,-78.7195655
401441952,2022,2,2022-09-10T17:00:00.000Z,Golden Bear Stadium,Western New England,Westfield State,38,14,Springfield,MA,42.1018764,-72.5886727
401431319,2022,2,2022-09-10T17:00:00.000Z,Concordia Stadium,Concordia University Chicago,Finlandia University,45,7,River Forest,IL,41.8978091,-87.8139483
401441946,2022,2,2022-09-10T17:00:00.000Z,Mangelsdorf Field,Misericordia,Keystone,38,20,Dallas,PA,32.3117968,-87.1046643
401431060,2022,2,2022-09-10T17:00:00.000Z,Blue Storm Stadium,Biddeford,Bridgewater State,38,23,Portland,ME,43.6610277,-70.2548596
401439532,2022,2,2022-09-10T17:00:00.000Z,Mustang Stadium,Stevenson,Salisbury,35,21,Stevenson,MD,39.4102772,-76.7128314
401431211,2022,2,2022-09-10T17:00:00.000Z,Cutler Field,Olivet College,Eureka College,54,14,Olivet,MI,42.4414273,-84.9241542
401437045,2022,2,2022-09-10T17:00:00.000Z,Finley Stadium,Fort Valley State,Kentucky State,9,7,Chattanooga,TN,35.0363792,-85.3158835
401431086,2022,2,2022-09-10T17:00:00.000Z,Little Giant Stadium,Wabash College,North Central College,12,56,Crawfordsville,IN,40.0401991,-86.8990249
401432525,2022,2,2022-09-10T17:00:00.000Z,Perkins Stadium,Wisconsin-Whitewater,Mary Hardin-Baylor,28,24,Whitewater,WI,42.8336422,-88.7292679
401424423,2022,2,2022-09-10T17:00:00.000Z,Bethpage Federal Credit Union Stadium,Long Island University,Villanova,21,38,Brookville,NY,40.816284,-73.589546
401430952,2022,2,2022-09-10T17:00:00.000Z,Ray and Sue Smith Stadium,Hope College,Coe College,33,24,Holland,MI,42.7876022,-86.1090828
401437185,2022,2,2022-09-10T17:00:00.000Z,Ralph F. DellaCamera Stadium,New Haven,Southern Connecticut State,31,26,West Haven,CT,41.2706527,-72.9470471
401431207,2022,2,2022-09-10T17:00:00.000Z,Angell Field,Kalamazoo,Kenyon,24,21,Kalamazoo,MI,42.291707,-85.5872286
401432120,2022,2,2022-09-10T17:00:00.000Z,Bobcat Stadium (MD),Frostburg State,West Virginia State,18,7,Frostburg,MD,39.6581425,-78.928357
401432111,2022,2,2022-09-10T17:00:00.000Z,Callaghan Stadium,Concord University,Glenville State,21,7,Princeton,WV,37.366328,-81.1026607
401432718,2022,2,2022-09-10T17:00:00.000Z,Lewis C. Everett Stadium,Hampden-Sydney,Widener,27,31,Farmville,VA,37.3024713,-78.3923813
401460111,2022,2,2022-09-10T17:00:00.000Z,Wright Stadium,Hartwick,Kings College (PA),10,17,Oneonta,NY,42.453492,-75.0629531
401416597,2022,2,2022-09-10T17:00:00.000Z,Kelly/Shorts Stadium,Central Michigan,South Alabama,24,38,Mount Pleasant,MI,43.5777313,-84.7709904
401437208,2022,2,2022-09-10T17:00:00.000Z,Drake Field (NY),SUNY Morrisville,Hobart College,24,13,Morrisville,NY,42.8986566,-75.6402204
401456234,2022,2,2022-09-10T17:00:00.000Z,Hantz Stadium,Northwood (MI),Madonna University,38,0,Midland,MI,43.6155825,-84.2472117
401431128,2022,2,2022-09-10T17:00:00.000Z,Docking Stadium,Adrian,Hanover College,33,0,Adrian,MI,41.8975152,-84.0373054
401431405,2022,2,2022-09-10T17:00:00.000Z,Bailey Memorial Stadium,Presbyterian,Virginia University Of Lynchburg,21,13,Clinton,SC,34.46158,-81.861368
401442043,2022,2,2022-09-10T17:00:00.000Z,W.B. Mason Stadium,Stonehill,Post University,76,0,North Easton,MA,42.0667665,-71.1036592
401433071,2022,2,2022-09-10T17:00:00.000Z,Lyle Hare Stadium,Black Hills State,William Jewell,38,19,Spearfish,SD,44.490817,-103.85937
401432741,2022,2,2022-09-10T17:00:00.000Z,Alumni Stadium (PA),Thiel,Allegheny,6,34,Greenville,PA,31.8295972,-86.6177517
401433116,2022,2,2022-09-10T17:00:00.000Z,Helen and Leonard Moretz Stadium,Lenoir-Rhyne,Ferris State,5,27,Hickory,NC,35.7333312,-81.3442915
401424421,2022,2,2022-09-10T17:00:00.000Z,Alfond Stadium,Maine,Colgate,18,21,Orono,ME,44.905128,-68.6724718
401424403,2022,2,2022-09-10T17:00:00.000Z,Kessler Stadium,Monmouth,Fordham,49,52,West Long Branch,NJ,40.278953,-74.009451
401432552,2022,2,2022-09-10T17:00:00.000Z,Butterfield Stadium,Ithaca College,Brockport,24,0,Ithaca,NY,42.4396039,-76.4968019
401445123,2022,2,2022-09-10T17:00:00.000Z,Knox Stadium,Juniata College,McDaniel College,19,35,Huntingdon,PA,40.4847959,-78.0102813
401431030,2022,2,2022-09-10T17:00:00.000Z,Patterson Field,Ursinus,Johns Hopkins University,29,36,Collegeville,PA,40.1856597,-75.451571
401432530,2022,2,2022-09-10T17:00:00.000Z,Rocco Calvo Field,Moravian,Gettysburg,43,28,Bethlehem,PA,40.6178915,-75.3786521
401436998,2022,2,2022-09-10T17:00:00.000Z,Amos Alonzo Stagg Field (PA),Susquehanna,Franklin & Marshall,39,36,Selinsgrove,PA,40.8062437,-76.8607084
401443110,2022,2,2022-09-10T17:00:00.000Z,Scotty Wood Stadium,Muhlenberg,Dickinson (PA),34,21,Allentown,PA,40.6022059,-75.4712794
401432780,2022,2,2022-09-10T17:00:00.000Z,Chuck Noll Field,Saint Vincent,Washington & Jefferson,21,52,Latrobe,PA,40.317287,-79.3840301
401432766,2022,2,2022-09-10T17:00:00.000Z,Robert E. Thorn Field,Grove City College,Geneva,55,17,Grove City,PA,41.1579008,-80.0886631
401429851,2022,2,2022-09-10T17:00:00.000Z,Harvey Randall Wickes Memorial Stadium,Saginaw Valley State,Bowie State,40,12,University Center,MI,25.71414555,-80.27640498387049
401430686,2022,2,2022-09-10T17:00:00.000Z,McPherson Memorial Stadium,Central State (OH),Lincoln (PA),21,26,Xenia,OH,39.6847822,-83.9296526
401432758,2022,2,2022-09-10T17:00:00.000Z,John F. Wiley Stadium,Waynesburg,Case Western Reserve,31,45,Waynesburg,PA,39.8964641,-80.1792299
401432749,2022,2,2022-09-10T17:00:00.000Z,ECAV Stadium,Rensselaer,Carnegie Mellon,7,10,Troy,NY,42.7284117,-73.6917878
401432791,2022,2,2022-09-10T17:00:00.000Z,Memorial Field (PA),Westminster (PA),Bethany (WV),42,3,New Wilmington,PA,41.1222812,-80.3328428
401432734,2022,2,2022-09-10T17:00:00.000Z,Hardee-McGee Field,Sewanee,Washington and Lee,0,44,Sewanee,TN,35.200644,-85.91952368522726
401431822,2022,2,2022-09-10T17:00:00.000Z,Frost-Kalnow Stadium,Tiffin,Ohio Dominican,28,13,Tiffin,OH,41.114485,-83.1779537
401460113,2022,2,2022-09-10T17:00:00.000Z,Henry G. Steinbrenner '27 Stadium,MIT,Salve Regina,10,13,Cambridge,MA,42.3750997,-71.1056157
401438226,2022,2,2022-09-10T17:00:00.000Z,Burke-Tarr Stadium,Carson-Newman College,Franklin Pierce,27,6,Jefferson City,TN,36.122311,-83.4923961
401438177,2022,2,2022-09-10T17:00:00.000Z,Robinson-Hale Stadium,Mississippi College,Keiser University,26,8,Clinton,MS,32.3410552,-90.3215983
401431815,2022,2,2022-09-10T17:00:00.000Z,Superior Dome,Northern Michigan,Wisconsin-Oshkosh,13,10,Marquette,MI,46.560589,-87.393741
401432544,2022,2,2022-09-10T17:00:00.000Z,Hotchkiss Field,Gallaudet,Greensboro College,31,14,Washington,DC,38.8950368,-77.0365427
401431979,2022,2,2022-09-10T17:00:00.000Z,Garrison Stadium,Chowan,Greeneville,21,23,Murfreesboro,TN,36.434053,-77.098431
401430723,2022,2,2022-09-10T17:00:00.000Z,George Williams Athletic Complex,St. Augustine's,Limestone,14,73,Raleigh,NC,35.7803977,-78.6390989
401433037,2022,2,2022-09-10T17:00:00.000Z,Seth Grove Stadium,Shippensburg,Seton Hill,36,17,Shippensburg,PA,40.0507198,-77.5205485
401431151,2022,2,2022-09-10T17:00:00.000Z,Arnold Field (PA),Lebanon Valley,Lycoming,20,21,Annville,PA,40.3295901,-76.515226
401435132,2022,2,2022-09-10T17:00:00.000Z,Cardinal Stadium (DC),Catholic,Randolph-Macon,7,41,Washington,DC,38.8950368,-77.0365427
401432709,2022,2,2022-09-10T17:00:00.000Z,W.B. Adams Stadium,Ferrum,Muskingum University,3,31,Ferrum,VA,36.937856999999994,-80.01424992208018
401439527,2022,2,2022-09-10T17:00:00.000Z,Frank Bailey Field,Union (NY),Worcester St,76,7,Schenectady,NY,42.8142432,-73.9395687
401403982,2022,2,2022-09-10T17:30:00.000Z,Rice-Eccles Stadium,Utah,Southern Utah,73,7,Salt Lake City,UT,40.7599724,-111.8488255
401431041,2022,2,2022-09-10T17:30:00.000Z,Cadet Memorial Field,Coast Guard,Curry College,22,16,New London,CT,41.3556187,-72.0997804
401422972,2022,2,2022-09-10T17:30:00.000Z,Alumni Memorial Field,VMI,Bucknell,24,14,Lexington,VA,37.788983,-79.43505
401432662,2022,2,2022-09-10T17:30:00.000Z,Wiliams Stadium (OH),Wilmington (OH),Baldwin Wallace,12,13,Wilmington,OH,39.4453393,-83.8285375
401431247,2022,2,2022-09-10T18:00:00.000Z,Ralph E. Davis Pioneer Stadium,Wisconsin-Platteville,Bethel (MN),10,7,Platteville,WI,42.7342942,-90.4784451
401416594,2022,2,2022-09-10T18:00:00.000Z,Scheumann Stadium,Ball State,Western Michigan,30,37,Muncie,IN,40.2159422,-85.4161148
401432393,2022,2,2022-09-10T18:00:00.000Z,Kirkeby-Over Stadium,Augustana University (SD),Bemidji State,30,29,Sioux Falls,SD,43.5488256,-96.7307737
401432437,2022,2,2022-09-10T18:00:00.000Z,Altra Federal Credit Union Stadium,Winona State,University of Mary,25,17,Winona,MN,43.9582272,-91.7807784
401432961,2022,2,2022-09-10T18:00:00.000Z,Bob Young Field,Sioux Falls,Minot State,34,0,Sioux Falls,SD,43.5488256,-96.7307737
401415614,2022,2,2022-09-10T18:00:00.000Z,Lincoln Financial Field,Temple,Lafayette,30,14,Philadelphia,PA,39.9007995,-75.1675414
401420823,2022,2,2022-09-10T18:00:00.000Z,Stambaugh Stadium,Youngstown State,Dayton,49,16,Youngstown,OH,41.1092964,-80.6501885
401432977,2022,2,2022-09-10T18:00:00.000Z,Robert B. Redman Stadium,Bloomsburg,Clarion,42,3,Bloomsburg,PA,41.0044958,-76.4537302
401430976,2022,2,2022-09-10T18:00:00.000Z,,Mayville State,Nebraska Wesleyan,55,48,,,,
401435108,2022,2,2022-09-10T18:00:00.000Z,England Stadium,Illinois College,Chicago,14,40,Jacksonville,IL,39.7343037,-90.2288356
401430922,2022,2,2022-09-10T18:00:00.000Z,Taylor Field,Lakeland,Buena Vista,34,41,Plymouth,WI,43.7486054,-87.977038
401430969,2022,2,2022-09-10T18:00:00.000Z,Klein Field at Manitou,St. Olaf,Luther,55,27,Northfield,MN,44.4582041,-93.161159
401431256,2022,2,2022-09-10T18:00:00.000Z,Strong Stadium,Beloit,Cornell College (IA),14,35,Beloit,WI,42.5083272,-89.031784
401431288,2022,2,2022-09-10T18:00:00.000Z,Rosenbloom Field,Grinnell,Monmouth (IL),0,48,Grinnell,IA,41.7430237,-92.7239637
401438650,2022,2,2022-09-10T18:00:00.000Z,Dave Wolk Stadium,Castleton,Fitchburg State,48,0,Castleton,VT,43.6111275,-73.1807089
401438673,2022,2,2022-09-10T18:00:00.000Z,Jopson Athletic Complex,Bridgewater (VA),Southern Virginia,58,10,Bridgewater,VA,38.3820655,-78.9766975
401432811,2022,2,2022-09-10T18:00:00.000Z,Francis Field (MO),Washington University (St. Louis),Hendrix College,52,7,Saint Louis,MO,38.6264256,-90.1995853
401433409,2022,2,2022-09-10T18:00:00.000Z,Wilford Moore Stadium,McMurry,Millsaps,13,27,Abilene,TX,32.44645,-99.7475905
401435188,2022,2,2022-09-10T18:00:00.000Z,Jerry E. Apple Stadium,Austin,Rhodes College,7,23,Sherman,TX,36.2452294,-101.8858689
401432837,2022,2,2022-09-10T18:00:00.000Z,Laird Stadium,Carleton,Crown College,84,20,Northfield,MN,44.4582041,-93.161159
401431241,2022,2,2022-09-10T18:00:00.000Z,Klas Field,Hamline University,Minnesota Morris,34,21,Saint Paul,MN,44.9497487,-93.0931028
401432561,2022,2,2022-09-10T18:00:00.000Z,Tomasini Stadium,Concordia-Wisconsin,Northwestern (MN),28,14,Mequon,WI,43.2219088,-87.9822969
401432511,2022,2,2022-09-10T18:00:00.000Z,Ron and Joyce Schipper Stadium,Central College,Wisconsin-Eau Claire,31,13,Pella,IA,41.4073138,-92.9174074
401435104,2022,2,2022-09-10T18:00:00.000Z,Clemens Stadium,Saint John's (MN),Wisconsin-River Falls,37,34,Collegeville,MN,45.5944117,-94.3622868
401431302,2022,2,2022-09-10T18:00:00.000Z,Donald J. Schneider Stadium,St. Norbert,Wisconsin-Stevens Pt,21,14,De Pere,WI,44.4493584,-88.0599986
401428484,2022,2,2022-09-10T18:00:00.000Z,O'Shaughnessy Stadium,St. Thomas (MN),Michigan Tech,32,6,Saint Paul,MN,44.9497487,-93.0931028
401423152,2022,2,2022-09-10T18:00:00.000Z,Drake Stadium,Drake,Missouri S&T,14,17,Des Moines,IA,41.605,-93.655
401431526,2022,2,2022-09-10T18:00:00.000Z,O'Harra Stadium,South Dakota Mines,Truman State,20,27,Rapid City,SD,44.0869329,-103.2274481
401431500,2022,2,2022-09-10T18:00:00.000Z,Leemon Field,McKendree,Delta State,34,58,Lebanon,IL,38.6039375,-89.8073195
401431118,2022,2,2022-09-10T18:00:00.000Z,Vago Field,Aurora,Franklin,49,16,Aurora,IL,41.7571701,-88.3147539
401431887,2022,2,2022-09-10T18:00:00.000Z,Marv Kay Stadium at Campbell Field,Colorado School Of Mines,Angelo State,27,30,Golden,CO,39.7546349,-105.2205809
401432617,2022,2,2022-09-10T18:00:00.000Z,Tucci Stadium,Illinois Wesleyan,Ohio Wesleyan,45,21,Bloomington,IL,40.4797828,-88.9939147
401435110,2022,2,2022-09-10T18:00:00.000Z,Francis Field (IL),Greenville,Rockford,40,30,Greenville,IL,38.8922687,-89.4131356
401432863,2022,2,2022-09-10T18:00:00.000Z,Blue Jay Stadium,Westminster College (MO),Iowa Wesleyan,6,41,Fulton,MO,38.8467082,-91.9479586
401435054,2022,2,2022-09-10T18:00:00.000Z,Ray Dennison Memorial Field,Fort Lewis,Phoenix,12,52,Durango,CO,37.2395367,-107.82158179169292
401404125,2022,2,2022-09-10T18:30:00.000Z,Notre Dame Stadium,Notre Dame,Marshall,21,26,Notre Dame,IN,41.698378,-86.2339425
401438681,2022,2,2022-09-10T19:00:00.000Z,McCulloch Stadium,Willamette,La Verne,26,14,Salem,OR,44.9391565,-123.033121
401432384,2022,2,2022-09-10T19:00:00.000Z,Grappone Stadium,St. Anselm,American International,56,7,Manchester,NH,42.9956397,-71.4547891
401432340,2022,2,2022-09-10T19:00:00.000Z,Lane Field,Lane College,Benedict College,0,14,Jackson,TN,35.6144446,-88.8177418
401445794,2022,2,2022-09-10T19:00:00.000Z,Gene L. Shirk Stadium,Albright,Western Connecticut St,14,28,Reading,PA,40.335345,-75.9279495
401431937,2022,2,2022-09-10T19:00:00.000Z,Dwight T. Reed Stadium,Lincoln (MO),Northwest Missouri St,20,58,Jefferson City,MO,38.577359,-92.1724265
401415619,2022,2,2022-09-10T19:30:00.000Z,Nippert Stadium,Cincinnati,Kennesaw State,63,10,Cincinnati,OH,39.1312495,-84.5161913
401403877,2022,2,2022-09-10T19:30:00.000Z,Acrisure Stadium,Pittsburgh,Tennessee,27,34,Pittsburgh,PA,40.4467648,-80.0157603
401415617,2022,2,2022-09-10T19:30:00.000Z,Navy-Marine Corps Memorial Stadium,Navy,Memphis,13,37,Annapolis,MD,38.9846985,-76.5076335
401426545,2022,2,2022-09-10T19:30:00.000Z,Jerry Richardson Stadium,Charlotte,Maryland,21,56,Charlotte,NC,35.3105033,-80.7401194
401403984,2022,2,2022-09-10T19:30:00.000Z,Camp Randall Stadium,Wisconsin,Washington State,14,17,Madison,WI,43.06994,-89.4126943
401411102,2022,2,2022-09-10T19:30:00.000Z,"Memorial Stadium (Clemson, SC)",Clemson,Furman,35,12,Clemson,SC,34.6787737,-82.8432428
401403977,2022,2,2022-09-10T19:30:00.000Z,Falcon Stadium,Air Force,Colorado,41,10,Colorado Springs,CO,38.9969701,-104.8436165
401420837,2022,2,2022-09-10T19:30:00.000Z,Fargodome,North Dakota State,North Carolina A&T,43,3,Fargo,ND,46.9029938,-96.8003251
401413334,2022,2,2022-09-10T19:30:00.000Z,Washington-Grizzly Stadium,Montana,South Dakota,24,7,Missoula,MT,46.8638753,-113.9815042
401403878,2022,2,2022-09-10T19:30:00.000Z,Kyle Field,Texas A&M,App State,14,17,College Station,TX,30.6098891,-96.3403828
401413341,2022,2,2022-09-10T19:30:00.000Z,Bobcat Stadium,Montana State,Morehead State,63,13,Bozeman,MT,45.659048,-111.049547
401432413,2022,2,2022-09-10T20:00:00.000Z,Harms-Eischeid Stadium,Upper Iowa University,Minnesota State Moorhead,21,24,Fayette,IA,42.8420766,-91.850265
401416595,2022,2,2022-09-10T20:00:00.000Z,Doyt L. Perry Stadium,Bowling Green,Eastern Kentucky,57,59,Bowling Green,OH,41.3780114,-83.6225
401403872,2022,2,2022-09-10T20:00:00.000Z,Sanford Stadium,Georgia,Samford,33,0,Athens,GA,33.9498197,-83.3733813
401405078,2022,2,2022-09-10T20:00:00.000Z,Spartan Stadium,Michigan State,Akron,52,0,East Lansing,MI,42.7281474,-84.4848526
401455575,2022,2,2022-09-10T20:00:00.000Z,Bentley University Football Stadium,Bentley,Pace,41,20,Waltham,MA,42.3756401,-71.2358004
401431841,2022,2,2022-09-10T20:00:00.000Z,CAU Panther Stadium,Clark Atlanta,ERSKINE,19,23,Atlanta,GA,33.7489924,-84.3902644
401405074,2022,2,2022-09-10T20:00:00.000Z,Ross-Ade Stadium,Purdue,Indiana State,56,0,West Lafayette,IN,40.4352253,-86.9186843
401420815,2022,2,2022-09-10T20:00:00.000Z,Alerus Center,North Dakota,Northern Iowa,29,27,Grand Forks,ND,47.910622,-97.090996
401404064,2022,2,2022-09-10T20:00:00.000Z,Kinnick Stadium,Iowa,Iowa State,7,10,Iowa City,IA,41.6586045,-91.5510829
401403983,2022,2,2022-09-10T20:00:00.000Z,Husky Stadium,Washington,Portland State,52,6,Houston,TX,29.6949025,-95.5167353
401403983,2022,2,2022-09-10T20:00:00.000Z,Husky Stadium,Washington,Portland State,52,6,Saint Cloud,MN,45.5616075,-94.1642004
401403983,2022,2,2022-09-10T20:00:00.000Z,Husky Stadium,Washington,Portland State,52,6,Seattle,WA,47.6503235,-122.3015746
401432823,2022,2,2022-09-10T20:00:00.000Z,Fritz B. Burns Stadium,Claremont-Mudd-Scripps College,Whittier,42,0,Claremont,CA,34.0966764,-117.7197785
401405081,2022,2,2022-09-10T20:00:00.000Z,SHI Stadium,Rutgers,Wagner,66,7,Piscataway,NJ,40.5462553,-74.4660408
401404063,2022,2,2022-09-10T20:00:00.000Z,Jones AT&T Stadium,Texas Tech,Houston,33,30,Lubbock,TX,33.5910518,-101.8728824
401420788,2022,2,2022-09-10T20:00:00.000Z,Bridgeforth Stadium,James Madison,Norfolk State,63,7,Harrisonburg,VA,38.4352919,-78.8729349
401424936,2022,2,2022-09-10T20:00:00.000Z,Municipal Stadium,Bethune-Cookman,South Carolina State,9,33,Waterbury,CT,,
401424936,2022,2,2022-09-10T20:00:00.000Z,Municipal Stadium,Bethune-Cookman,South Carolina State,9,33,Daytona Beach,FL,29.173466,-81.117511
401429861,2022,2,2022-09-10T20:00:00.000Z,Rocky Mount Athletic Complex,Elizabeth City State,Livingstone,0,19,Rocky Mount,NC,35.9423833,-77.7956949
401403976,2022,2,2022-09-10T20:00:00.000Z,California Memorial Stadium,California,UNLV,20,14,Berkeley,CA,37.8710434,-122.2507729
401432655,2022,2,2022-09-10T20:00:00.000Z,The Pine Bowl,Whitworth,Eastern Oregon,33,7,Spokane,WA,47.6571934,-117.4235106
401426548,2022,2,2022-09-10T20:00:00.000Z,Canvas Stadium,Colorado State,Middle Tennessee,19,34,Fort Collins,CO,40.570015,-105.088435
401421138,2022,2,2022-09-10T20:00:00.000Z,Johnson Hagood Stadium,The Citadel,East Tennessee State,20,17,Charleston,SC,32.7936975,-79.9558183
401418630,2022,2,2022-09-10T20:00:00.000Z,Governors Stadium,Austin Peay,Mississippi Valley State,41,0,Clarksville,TN,36.5362559,-87.3525507
401415177,2022,2,2022-09-10T20:00:00.000Z,War Memorial Stadium,Wyoming,Northern Colorado,33,10,Laramie,WY,41.31161,-105.5681384
401405070,2022,2,2022-09-10T20:00:00.000Z,"Memorial Stadium (Champaign, IL)",Illinois,Virginia,24,3,Champaign,IL,40.0993268,-88.2359569
401431611,2022,2,2022-09-10T20:05:00.000Z,McArthur Field,Western Oregon,Lincoln (CA),42,10,Monmouth,OR,44.8486414,-123.2290777
401422997,2022,2,2022-09-10T21:00:00.000Z,Cooper Field,Georgetown,Lehigh,19,21,Washington,DC,38.9080248,-77.0753144
401430703,2022,2,2022-09-10T21:00:00.000Z,Bazemore-Hyder Stadium,Valdosta State,Virginia Union,40,45,Valdosta,GA,30.8327022,-83.2784851
401413225,2022,2,2022-09-10T21:00:00.000Z,Alex G. Spanos Stadium,Cal Poly,San Diego,28,27,San Luis Obispo,CA,35.2984123,-120.6650005
401403981,2022,2,2022-09-10T21:00:00.000Z,Rose Bowl,UCLA,Alabama State,45,7,Pasadena,CA,34.1613284,-118.1676462
401423425,2022,2,2022-09-10T21:30:00.000Z,E. Claiborne Robins Stadium,Richmond,St. Francis (PA),31,21,Richmond,VA,37.5807765,-77.5372211
401415216,2022,2,2022-09-10T21:30:00.000Z,Mackay Stadium,Nevada,Incarnate Word,41,55,Reno,NV,39.5469459,-119.8175435
401439514,2022,2,2022-09-10T22:00:00.000Z,Earl Kitchings Stadium,Edward Waters,Savannah St,28,31,Jacksonville,FL,30.3321838,-81.655651
401432422,2022,2,2022-09-10T22:00:00.000Z,Schwan Regional Event Center,Southwest Minnesota State,Concordia University St Paul,14,6,Marshall,MN,48.3605336,-96.381968
401435348,2022,2,2022-09-10T22:00:00.000Z,Macholtz Stadium,Anderson (IN),Depauw,0,55,Anderson,IN,40.1053196,-85.6802541
401424948,2022,2,2022-09-10T22:00:00.000Z,Bragg Memorial Stadium,Florida A&M,Albany State GA,23,13,Tallahassee,FL,30.4261632,-84.2923095
401424419,2022,2,2022-09-10T22:00:00.000Z,Delaware Stadium,Delaware,Delaware State,35,9,Newark,DE,39.6617428,-75.7488224
401416596,2022,2,2022-09-10T22:00:00.000Z,UB Stadium,Buffalo,Holy Cross,31,37,Amherst,NY,42.9991334,-78.7775113
401432699,2022,2,2022-09-10T22:00:00.000Z,Mitchell Stadium,BLUEFIELD,Emory & Henry College,33,41,Bluefield,WV,37.2698395,-81.2223195
401426492,2022,2,2022-09-10T22:00:00.000Z,Bulldog Stadium,Bryant,Rhode Island,21,35,Smithfield,RI,41.924206,-71.5385124
401430696,2022,2,2022-09-10T22:00:00.000Z,Rogers Stadium (VA),Virginia St,Bluefield State,28,7,Petersburg,VA,37.227928,-77.4019268
401431195,2022,2,2022-09-10T22:00:00.000Z,Bahlke Field,Alma,Manchester,49,7,Alma,MI,43.37892,-84.659727
401426546,2022,2,2022-09-10T22:00:00.000Z,FAU Stadium,Florida Atlantic,SE Louisiana,42,9,Boca Raton,FL,26.3763763,-80.1015759
401435092,2022,2,2022-09-10T22:00:00.000Z,Pioneer Stadium,Alfred State,University of Rochester (NY),17,30,Alfred,NY,42.2542334,-77.7906062
401426332,2022,2,2022-09-10T22:00:00.000Z,Brooks Stadium (SC),Coastal Carolina,Gardner-Webb,31,27,Conway,SC,33.7928506,-79.0166946
401423412,2022,2,2022-09-10T22:00:00.000Z,Spec Martin Municipal Stadium,Stetson,Louisiana College,45,14,DeLand,FL,29.0208575,-81.2993746
401426551,2022,2,2022-09-10T22:00:00.000Z,Williams Stadium (VA),Liberty,UAB,21,14,Lynchburg,VA,37.3544305,-79.1750239
401415024,2022,2,2022-09-10T22:00:00.000Z,Dowdy-Ficklen Stadium,East Carolina,Old Dominion,39,21,Greenville,NC,35.5968486,-77.364564
401431572,2022,2,2022-09-10T22:00:00.000Z,Donnell Stadium,Findlay,Ashland,3,28,Findlay,OH,41.0413873,-83.6503982
401433023,2022,2,2022-09-10T22:00:00.000Z,Hubert Jack Stadium,Lock Haven University,Mercyhurst,7,49,Lock Haven,PA,41.1369077,-77.4471641
401424420,2022,2,2022-09-10T22:00:00.000Z,Armstrong Stadium,Hampton,Tuskegee,42,10,Hampton,VA,37.0200894,-76.3331555
401404065,2022,2,2022-09-10T22:00:00.000Z,Milan Puskar Stadium,West Virginia,Kansas,42,55,Morgantown,WV,39.6502744,-79.9551873
401413204,2022,2,2022-09-10T22:00:00.000Z,Gibbs Stadium,Wofford,Elon,0,26,Spartanburg,SC,34.9618606,-81.9328915
401432794,2022,2,2022-09-10T22:00:00.000Z,Valhalla Stadium,Berry College,Lagrange College,56,10,Mount Berry,GA,34.275093,-85.1832843
401424365,2022,2,2022-09-10T22:00:00.000Z,Zable Stadium,William & Mary,Campbell,37,21,Williamsburg,VA,37.2730996,-76.7137202
401431864,2022,2,2022-09-10T22:00:00.000Z,B.T. Harvey Stadium,Morehouse College,West Georgia,0,42,Atlanta,GA,33.7489924,-84.3902644
401423137,2022,2,2022-09-10T22:00:00.000Z,Butler Bowl,Butler,Taylor,45,10,Indianapolis,IN,39.8444694,-86.1659242
401416599,2022,2,2022-09-10T22:00:00.000Z,Yager Stadium,Miami (OH),Robert Morris,31,14,Oxford,OH,39.5197009,-84.7330255
401423418,2022,2,2022-09-10T22:00:00.000Z,Arute Field,Central Connecticut,Sacred Heart,10,14,New Britain,CT,41.6950591,-72.7616197
401420798,2022,2,2022-09-10T22:00:00.000Z,O'Kelly-Riddick Stadium,North Carolina Central,Winston-Salem,41,0,Durham,NC,35.9738646,-78.896969
401430672,2022,2,2022-09-10T22:00:00.000Z,Tom Adams Field,Wayne State (MI),Shaw,30,22,Detroit,MI,42.3315509,-83.0466403
401430717,2022,2,2022-09-10T22:00:00.000Z,W.C. Hawkins Stadium,Allen,Johnson C Smith,0,0,Columbia,SC,34.0007493,-81.0343313
401433006,2022,2,2022-09-10T22:05:00.000Z,Eiler-Martin Stadium,East Stroudsburg University,Indiana-Pennsylvania,35,38,East Stroudsburg,PA,40.9995386,-75.1812913
401444874,2022,2,2022-09-10T23:00:00.000Z,Golden Lion Stadium,Arkansas-Pine Bluff,North American University,76,3,Pine Bluff,AR,34.253327,-92.0214031
401415618,2022,2,2022-09-10T23:00:00.000Z,Raymond James Stadium,South Florida,Howard,42,20,Tampa,FL,27.9758691,-82.5033344
401420778,2022,2,2022-09-10T23:00:00.000Z,Johnny Unitas Stadium,Towson,Morgan State,29,21,Towson,MD,39.3885683,-76.6159716
401431275,2022,2,2022-09-10T23:00:00.000Z,Ingalls Field,Ripon,Knox College,33,6,Ripon,WI,43.8424502,-88.8372972
401431265,2022,2,2022-09-10T23:00:00.000Z,Ron Roberts Field at the Banta Bowl,Lawrence University,Lake Forest College,0,55,Appleton,WI,44.2613967,-88.4069744
401403874,2022,2,2022-09-10T23:00:00.000Z,Vaught-Hemingway Stadium,Ole Miss,Central Arkansas,59,3,Oxford,MS,34.3619837,-89.5342076
401432538,2022,2,2022-09-10T23:00:00.000Z,Warrior Field at Raabe Stadium,Wisconsin-Lutheran,Carroll University (WI),7,54,Wauwatosa,WI,43.0494122,-88.0079271
401431144,2022,2,2022-09-10T23:00:00.000Z,Cook Stadium,Rose-Hulman,Trine University,23,24,Terre Haute,IN,39.4667025,-87.4139119
401426547,2022,2,2022-09-10T23:00:00.000Z,Joe Aillet Stadium,Louisiana Tech,Stephen F. Austin,52,17,Ruston,LA,32.5321487,-92.6560019
401421126,2022,2,2022-09-10T23:00:00.000Z,Tucker Stadium,Tennessee Tech,East Texas A&M,26,25,Cookeville,TN,36.1780555,-85.506183
401418777,2022,2,2022-09-10T23:00:00.000Z,Braly Municipal Stadium,North Alabama,UVA Wise,49,17,Florence,AL,34.810914,-87.670587
401423144,2022,2,2022-09-10T23:00:00.000Z,Richardson Stadium,Davidson,Wilson,37,17,Davidson,NC,35.4995744,-80.8428419
401421128,2022,2,2022-09-10T23:00:00.000Z,O'Brien Stadium,Eastern Illinois,Chattanooga,20,38,Charleston,IL,39.4804965,-88.1811618
401411104,2022,2,2022-09-10T23:00:00.000Z,Bobby Dodd Stadium,Georgia Tech,Western Carolina,35,17,Atlanta,GA,33.7724449,-84.3928054
401431832,2022,2,2022-09-10T23:00:00.000Z,Younts Stadium,North Greenville,Newberry,22,29,Tigerville,SC,35.0684492,-82.3684509
401430709,2022,2,2022-09-10T23:00:00.000Z,"Luther ""Nick"" Jeralds Stadium",Fayetteville State,Wingate,3,21,Fayetteville,NC,35.0525759,-78.878292
401413215,2022,2,2022-09-10T23:00:00.000Z,Roy Stewart Stadium,Murray State,Jacksonville State,3,34,Murray,KY,36.6215165,-88.3175531
401432629,2022,2,2022-09-10T23:00:00.000Z,TowneBank Stadium,Christopher Newport,Averett,20,24,Newport News,VA,36.9775016,-76.42977
401435195,2022,2,2022-09-10T23:00:00.000Z,General Charles C. Krulak Stadium,Birmingham-Southern,Huntingdon College (AL),35,38,Birmingham,AL,33.5206824,-86.8024326
401432803,2022,2,2022-09-10T23:00:00.000Z,Farris Stadium,Centre College Kentucky,Maryville College (TN),20,10,Danville,KY,37.6456488,-84.7721823
401439547,2022,2,2022-09-10T23:00:00.000Z,Armfield Athletic Center,Guilford College,Methodist,16,49,Greensboro,NC,36.0726355,-79.7919754
401432727,2022,2,2022-09-10T23:00:00.000Z,Shentel Stadium,Shenandoah,North Carolina Wesleyan,45,0,Winchester,VA,39.1852184,-78.1652404
401432688,2022,2,2022-09-10T23:00:00.000Z,Bernlohr Stadium,Capital,Ohio Northern,13,28,Bexley,OH,39.9692378,-82.936864
401432844,2022,2,2022-09-10T23:00:00.000Z,Macalester Stadium,Macalester,Martin Luther,43,7,Saint Paul,MN,44.9497487,-93.0931028
401430961,2022,2,2022-09-10T23:00:00.000Z,Chalmers Field,Dubuque,Wisconsin-Lacrosse,3,30,Dubuque,IA,42.5006243,-90.6647985
401414779,2022,2,2022-09-10T23:00:00.000Z,Glass Bowl,Toledo,Massachusetts,55,10,Toledo,OH,41.6574777,-83.6135652
401430982,2022,2,2022-09-10T23:00:00.000Z,Walston-Hoover Stadium,Wartburg,Wisconsin-Stout,27,0,Waverly,IA,42.7258451,-92.4746033
401431811,2022,2,2022-09-10T23:00:00.000Z,Plaster Sports Complex,Southwest Baptist,West Florida,10,49,Springfield,MO,37.1976229,-93.2798119
401418810,2022,2,2022-09-10T23:00:00.000Z,Independence Stadium,Northwestern State,Grambling,21,47,Shreveport,FL,32.475556,-93.791944
401431907,2022,2,2022-09-10T23:00:00.000Z,Ratliff Stadium,UT Permian Basin,Western Colorado,34,31,Odessa,TX,31.8457149,-102.367687
401415615,2022,2,2022-09-10T23:00:00.000Z,Yulman Stadium,Tulane,Alcorn State,52,0,New Orleans,LA,29.944616,-90.116692
401424953,2022,2,2022-09-10T23:00:00.000Z,Simmons Bank Liberty Stadium,Tennessee State,Jackson State,3,16,Memphis,TN,35.1209429,-89.977147
401423439,2022,2,2022-09-10T23:00:00.000Z,Veterans Memorial Stadium (AL),Troy,Alabama A&M,38,17,Troy,AL,31.7995565,-85.9518328
401415616,2022,2,2022-09-10T23:00:00.000Z,Gerald J. Ford Stadium,SMU,Lamar,45,16,University Park,TX,32.8377223,-96.7827859
401403871,2022,2,2022-09-10T23:00:00.000Z,Ben Hill Griffin Stadium,Florida,Kentucky,16,26,Gainesville,FL,29.6499357,-82.3485788
401430729,2022,2,2022-09-10T23:00:00.000Z,Thone Stadium at Buerkle Field,Arkansas Tech,East Central (OK),35,13,Russellville,AR,35.2784173,-93.1337856
401431458,2022,2,2022-09-10T23:00:00.000Z,Ranger Field,Northwestern Oklahoma State,Henderson State,27,51,Alva,OK,36.8030501,-98.6660278
401430740,2022,2,2022-09-10T23:00:00.000Z,Convoy Leslie Cotton Boll Stadium,Arkansas-Monticello,Oklahoma Baptist,40,17,Monticello,AR,33.6293427,-91.7912327
401431480,2022,2,2022-09-10T23:00:00.000Z,Milam Stadium,Southwestern Oklahoma State,Southern Arkansas,24,20,Weatherford,OK,35.5261633,-98.7075744
401431485,2022,2,2022-09-10T23:00:00.000Z,Cliff Harris Stadium,Ouachita Baptist,Southern Nazarene,45,0,Arkadelphia,AR,34.1209292,-93.053784
401431855,2022,2,2022-09-10T23:00:00.000Z,Albert J. H. Sloan - Alumni Stadium,Miles College,West Alabama,0,31,Fairfield,AL,33.4859402,-86.9119366
401432430,2022,2,2022-09-10T23:00:00.000Z,"Memorial Stadium (Wayne, NE)",Wayne State (NE),Northern State,13,6,Wayne,NE,42.1941294,-97.169623
401432404,2022,2,2022-09-10T23:00:00.000Z,Blakeslee Stadium,Minnesota State Mankato,Minnesota Duluth,17,10,Mankato,MN,44.1634663,-93.9993505
401415620,2022,2,2022-09-10T23:00:00.000Z,Chapman Stadium,Tulsa,Northern Illinois,38,35,Tulsa,OK,36.1489175,-95.9437853
401416598,2022,2,2022-09-10T23:00:00.000Z,Cajun Field,Louisiana,Eastern Michigan,49,21,Lafayette,LA,30.2158434,-92.0417371
401431946,2022,2,2022-09-10T23:00:00.000Z,Gable Field at Doc Wadley Stadium,Northeastern State,Missouri Southern State,13,30,Tahlequah,OK,35.91537,-94.969956
401425451,2022,2,2022-09-10T23:00:00.000Z,Saluki Stadium,Southern Illinois,Southeast Missouri State,31,34,Carbondale,IL,37.708637,-89.216212
401426544,2022,2,2022-09-10T23:00:00.000Z,Bobcat Stadium (TX),Texas State,Florida International,41,12,San Marcos,TX,29.8910008,-97.9255735
401404066,2022,2,2022-09-10T23:00:00.000Z,"Memorial Stadium (Norman, OK)",Oklahoma,Kent State,33,3,Norman,OK,35.2058537,-97.4423145
401418792,2022,2,2022-09-10T23:00:00.000Z,Husky Stadium,Houston Christian,Lindenwood,20,21,Houston,TX,29.6949025,-95.5167353
401418792,2022,2,2022-09-10T23:00:00.000Z,Husky Stadium,Houston Christian,Lindenwood,20,21,Saint Cloud,MN,45.5616075,-94.1642004
401418792,2022,2,2022-09-10T23:00:00.000Z,Husky Stadium,Houston Christian,Lindenwood,20,21,Seattle,WA,47.6503235,-122.3015746
401431580,2022,2,2022-09-10T23:00:00.000Z,"Frank ""Muddy"" Waters Stadium",Hillsdale,Walsh,35,17,Hillsdale,MI,41.8779105,-84.5984396
401415182,2022,2,2022-09-10T23:00:00.000Z,Dana J. Dykhouse Stadium,South Dakota State,UC Davis,24,22,Brookings,SD,44.3210182,-96.7801386
401415170,2022,2,2022-09-10T23:00:00.000Z,Elliott T. Bowers Stadium,Sam Houston,Northern Arizona,3,10,Huntsville,TX,30.713926,-95.5419802
401415215,2022,2,2022-09-10T23:00:00.000Z,Maverik Stadium,Utah State,Weber State,7,35,Logan,UT,41.7517394,-111.8116007
401432515,2022,2,2022-09-10T23:00:00.000Z,Village of Lisle-Benedictine University Sports Complex,Benedictine University,Loras College,48,26,Lisle,IL,41.801159,-88.0747687
401424418,2022,2,2022-09-10T23:00:00.000Z,Bob Ford Field,UAlbany,New Hampshire,23,28,Albany,NY,42.6808062,-73.8272841
401431101,2022,2,2022-09-10T23:00:00.000Z,Trinity University Stadium,Trinity University TX,Wheaton,17,16,San Antonio,TX,29.4246002,-98.4951405
401404148,2022,2,2022-09-10T23:00:00.000Z,Pratt & Whitney Stadium,UConn,Syracuse,14,48,East Hartford,CT,41.7595675,-72.6187728
401405072,2022,2,2022-09-10T23:30:00.000Z,"Memorial Stadium (Lincoln, NE)",Nebraska,Georgia Southern,42,45,Lincoln,NE,40.820682,-96.705594
401403870,2022,2,2022-09-10T23:30:00.000Z,Jordan-Hare Stadium,Auburn,San José State,24,16,Auburn,AL,32.6025532,-85.4897479
401426550,2022,2,2022-09-10T23:30:00.000Z,Rice Stadium,Rice,McNeese,52,10,Houston,TX,29.7163297,-95.4093261
401426549,2022,2,2022-09-10T23:30:00.000Z,DATCU Stadium,North Texas,Texas Southern,59,27,Denton,TX,33.203899,-97.159245
401418828,2022,2,2022-09-10T23:30:00.000Z,Hancock Stadium,Illinois State,Valparaiso,28,21,Normal,IL,40.5125091,-88.9967177
401403980,2022,2,2022-09-10T23:30:00.000Z,Stanford Stadium,Stanford,USC,28,41,Stanford,CA,37.4345556,-122.1611271
401403873,2022,2,2022-09-10T23:30:00.000Z,Tiger Stadium (LA),LSU,Southern,65,17,Baton Rouge,LA,30.412035,-91.1838163
401403975,2022,2,2022-09-10T23:30:00.000Z,Boone Pickens Stadium,Oklahoma State,Arizona State,34,17,Stillwater,OK,36.125673,-97.066513
401430987,2022,2,2022-09-11T00:00:00.000Z,Belhaven Bowl Stadium,Belhaven,Southwestern University,42,15,Jackson,MS,32.2990021,-90.1847691
401431007,2022,2,2022-09-11T00:00:00.000Z,Javelina Stadium,Texas A&M-Kingsville,Sul Ross State,35,14,Kingsville,TX,27.5158689,-97.856109
401431912,2022,2,2022-09-11T00:00:00.000Z,Rex Stadium,West Texas A&M,Adams State,34,19,Alamosa,CO,37.5780995,-105.7890452
401404067,2022,2,2022-09-11T00:00:00.000Z,Amon G. Carter Stadium,TCU,Tarleton State,59,17,Fort Worth,TX,32.7096604,-97.3680835
401431585,2022,2,2022-09-11T00:00:00.000Z,Steele Stadium,Kentucky Wesleyan,Lake Erie,21,26,Owensboro,KY,37.742297,-87.119976
401411108,2022,2,2022-09-11T00:00:00.000Z,Lane Stadium,Virginia Tech,Boston College,27,10,Blacksburg,VA,37.2199873,-80.4180643
401413257,2022,2,2022-09-11T00:00:00.000Z,Snapdragon Stadium,San Diego State,Idaho State,38,7,San Diego,CA,32.784444,-117.122833
401421117,2022,2,2022-09-11T00:00:00.000Z,Malone Stadium,UL Monroe,Nicholls,35,7,Monroe,LA,32.5308089,-92.0660602
401405077,2022,2,2022-09-11T00:00:00.000Z,Michigan Stadium,Michigan,Hawai'i,56,10,Ann Arbor,MI,42.2658365,-83.7486956
401430997,2022,2,2022-09-11T00:00:00.000Z,Gordon Wood Stadium,Howard Payne,NEWBERG,39,42,Brownwood,TX,31.7070026,-98.9831022
401405075,2022,2,2022-09-11T00:00:00.000Z,"Memorial Stadium (Bloomington, IN)",Indiana,Idaho,35,22,Bloomington,IN,39.1808959,-86.5256217
401431234,2022,2,2022-09-11T00:00:00.000Z,Swisher Field,Presentation,Concordia Moorhead,13,42,Aberdeen,SD,45.4649805,-98.487813
401431895,2022,2,2022-09-11T00:00:00.000Z,Al Whitehead Field at Greyhound Stadium,Eastern New Mexico,Midwestern State,14,28,Portales,NM,34.1861922,-103.334397
401431409,2022,2,2022-09-11T00:00:00.000Z,First Security Stadium,Harding University,Southeastern Oklahoma State,38,13,Searcy,AR,35.9018987,-92.7098744
401431532,2022,2,2022-09-11T00:00:00.000Z,Neta and Eddie DeRose ThunderBowl,CSU Pueblo,Grand Valley State University,10,35,Pueblo,CO,38.2544472,-104.609141
401418783,2022,2,2022-09-11T00:00:00.000Z,Wildcat Stadium (TX),Abilene Christian,Prairie View A&M,21,13,Abilene,TX,32.472275,-99.710464
401403978,2022,2,2022-09-11T00:30:00.000Z,Autzen Stadium,Oregon,Eastern Washington,70,14,Eugene,OR,44.0582712,-123.0684883
401420856,2022,2,2022-09-11T01:00:00.000Z,Greater Zion Stadium,Utah Tech,Chadron St,56,10,Saint George,UT,37.1098868,-113.5674494
401426552,2022,2,2022-09-11T01:00:00.000Z,Sun Bowl,UTEP,New Mexico State,20,13,El Paso,TX,31.7733353,-106.507957
401431592,2022,2,2022-09-11T01:00:00.000Z,Tomlinson Stadium,Central Washington,Western New Mexico,24,13,Ellensburg,WA,46.9970635,-120.545122
401432831,2022,2,2022-09-11T02:00:00.000Z,Merritt Field,Pomona Pitzer,Redlands,21,20,Claremont,CA,34.0966764,-117.7197785
401439548,2022,2,2022-09-11T02:00:00.000Z,William Rolland Stadium,California Lutheran University,Chapman,41,42,Thousand Oaks,CA,34.1705609,-118.8375937
401404062,2022,2,2022-09-11T02:15:00.000Z,LaVell Edwards Stadium,BYU,Baylor,26,20,Provo,UT,40.2575347,-111.6545247
401403979,2022,2,2022-09-11T02:30:00.000Z,Valley Children's Stadium,Fresno State,Oregon State,32,35,Fresno,CA,36.8143527,-119.7580092
401403875,2022,2,2022-09-11T03:00:00.000Z,Arizona Stadium,Arizona,Mississippi State,17,39,Tucson,AZ,32.2288054,-110.9488677
401525434,2023,1,2023-08-26T18:30:00.000Z,Aviva Stadium,Notre Dame,Navy,42,3,Dublin,,53.33523,-6.228447
401540199,2023,1,2023-08-26T19:30:00.000Z,Cramton Bowl,Mercer,North Alabama,17,7,Montgomery,AL,32.37949,-86.293002
401520145,2023,1,2023-08-26T21:30:00.000Z,AmFirst Stadium,Jacksonville State,UTEP,17,14,Jacksonville,AL,33.8201052,-85.76647
401532392,2023,1,2023-08-26T23:00:00.000Z,Snapdragon Stadium,San Diego State,Ohio,20,13,San Diego,CA,32.784444,-117.122833
401525450,2023,1,2023-08-26T23:00:00.000Z,Aggie Memorial Stadium,New Mexico State,Massachusetts,30,41,Las Cruces,NM,32.2796202,-106.7411148
401540628,2023,1,2023-08-26T23:00:00.000Z,Bob Ford Field,UAlbany,Fordham,34,13,Albany,NY,42.6808062,-73.8272841
401539999,2023,1,2023-08-26T23:30:00.000Z,Center Parc Stadium,Jackson State,South Carolina State,37,7,Atlanta,GA,33.735267,-84.389949
401520147,2023,1,2023-08-26T23:30:00.000Z,FirstBank Stadium,Vanderbilt,Hawai'i,35,28,Nashville,TN,36.1440455,-86.8088942
401523986,2023,1,2023-08-27T00:00:00.000Z,Los Angeles Memorial Coliseum,USC,San José State,56,28,Los Angeles,CA,34.014167,-118.287778
401520146,2023,1,2023-08-27T01:00:00.000Z,Joe Aillet Stadium,Louisiana Tech,Florida International,22,17,Ruston,LA,32.5321487,-92.6560019
401545743,2023,1,2023-08-31T04:00:00.000Z,Ralph F. DellaCamera Stadium,New Haven,Frostburg State,24,27,West Haven,CT,41.2706527,-72.9470471
401540244,2023,1,2023-08-31T04:00:00.000Z,Provost Umphrey Stadium,Lamar,Idaho,17,42,Beaumont,TX,30.04313,-94.069963
401540527,2023,1,2023-08-31T04:00:00.000Z,Jayne Stadium,Morehead State,West Virginia State,37,35,Morehead,KY,38.1916481,-83.4253315
401540607,2023,1,2023-08-31T04:00:00.000Z,Fifth Third Stadium,Kennesaw State,Greeneville,38,7,Kennesaw,GA,34.0289318,-84.5676234
401540288,2023,1,2023-08-31T04:00:00.000Z,Memorial Stadium (Commerce TX),East Texas A&M,UC Davis,10,48,Commerce,TX,33.2442615,-95.9006353
401550265,2023,1,2023-08-31T04:00:00.000Z,Charles A. Henry Field,Hiram College,Heidelberg,14,68,Hiram,OH,41.312555,-81.14371
401553950,2023,1,2023-08-31T18:00:00.000Z,Hantz Stadium,Northwood (MI),Glenville State,9,44,Midland,MI,43.6155825,-84.2472117
401545860,2023,1,2023-08-31T22:00:00.000Z,Multi-Sport Performance Stadium,Alderson-Broaddus,PennWest California,0,0,Philippi,WV,39.1523198,-80.0403578
401541838,2023,1,2023-08-31T22:00:00.000Z,Electric Supply Company Field,Wilson,Chowan,41,0,Wilson,NC,35.7212689,-77.9155395
401549697,2023,1,2023-08-31T22:00:00.000Z,Keiser Multi-Purpose Field,Keiser University,Mississippi College,14,17,West Palm Beach,FL,,
401544917,2023,1,2023-08-31T22:00:00.000Z,Irwin Belk Stadium,Wingate,Albany State GA,30,7,Wingate,NC,34.9843176,-80.4492319
401540802,2023,1,2023-08-31T22:00:00.000Z,Harvey Randall Wickes Memorial Stadium,Saginaw Valley State,Winona State,34,24,University Center,MI,25.71414555,-80.27640498387049
401550193,2023,1,2023-08-31T22:00:00.000Z,Richard Wackar Stadium,Rowan,Stevenson,17,20,Glassboro,NJ,39.7027677,-75.1119434
401540470,2023,1,2023-08-31T22:00:00.000Z,Buccaneer Field,Charleston Southern,North Greenville,13,10,North Charleston,SC,32.9810239,-80.0659664
401540990,2023,1,2023-08-31T22:00:00.000Z,Grace P. Johnson Stadium,UNC Pembroke,Fayetteville State,19,17,Pembroke,NC,34.6801627,-79.1950373
401540323,2023,1,2023-08-31T23:00:00.000Z,Kenneth P. LaValle Stadium,Stony Brook,Delaware,13,37,Stony Brook,NY,40.9188829,-73.1242966
401525461,2023,1,2023-08-31T23:00:00.000Z,Allegacy Federal Credit Union Stadium,Wake Forest,Elon,37,17,Winston-Salem,NC,36.1305507,-80.2545851
401531834,2023,1,2023-08-31T23:00:00.000Z,Center Parc Stadium,Georgia State,Rhode Island,42,35,Atlanta,GA,33.735267,-84.389949
401540311,2023,1,2023-08-31T23:00:00.000Z,Barker-Lane Stadium,Campbell,William & Mary,24,34,Buies Creek,NC,35.4047689,-78.7424842
401541801,2023,1,2023-08-31T23:00:00.000Z,George P. Miller Stadium,Indiana-Pennsylvania,Ashland,24,17,Indiana,PA,40.6214551,-79.1525349
401540299,2023,1,2023-08-31T23:00:00.000Z,Memorial Stadium,Indiana State,Eastern Illinois,0,27,Terre Haute,IN,39.4746858,-87.3669599
401540299,2023,1,2023-08-31T23:00:00.000Z,Memorial Stadium,Indiana State,Eastern Illinois,0,27,Lawrence,KS,38.9629418,-95.2463686
401540299,2023,1,2023-08-31T23:00:00.000Z,Memorial Stadium,Indiana State,Eastern Illinois,0,27,Columbia,MO,38.9358491,-92.3332009
401545791,2023,1,2023-08-31T23:00:00.000Z,Chryst Field at Biemesderfer Stadium,Millersville,St. Anselm,33,7,Millersville,PA,39.997998,-76.3545372
401540534,2023,1,2023-08-31T23:00:00.000Z,Paladin Stadium,Furman,Tennessee Tech,45,10,Greenville,SC,34.920192,-82.4370917
401541833,2023,1,2023-08-31T23:00:00.000Z,Tom Benson Hall of Fame Stadium,Walsh,West Liberty,24,21,Canton,OH,40.7985464,-81.3749508
401525816,2023,1,2023-08-31T23:00:00.000Z,FBC Mortgage Stadium,UCF,Kent State,56,6,Orlando,FL,28.6079765,-81.1927233
401541949,2023,1,2023-08-31T23:00:00.000Z,Gable Field at Doc Wadley Stadium,Northeastern State,Fort Hays State,0,56,Tahlequah,OK,35.91537,-94.969956
401541872,2023,1,2023-08-31T23:00:00.000Z,Tiger Stadium (AL),West Alabama,Angelo State,14,38,Livingston,AL,32.5843026,-88.1872474
401541855,2023,1,2023-08-31T23:00:00.000Z,Seibert Stadium,Samford,Shorter,69,14,Homewood,AL,33.463273,-86.795326
401540728,2023,1,2023-08-31T23:00:00.000Z,Allgood-Bailey Stadium,Missouri S&T,Delta State,20,48,Rolla,MO,37.95037,-91.780444
401541787,2023,1,2023-08-31T23:00:00.000Z,Wilkins Stadium,Southern Arkansas,Southeastern Oklahoma State,34,19,Magnolia,AR,33.2670725,-93.2393341
401541782,2023,1,2023-08-31T23:00:00.000Z,Milam Stadium,Southwestern Oklahoma State,Ouachita Baptist,14,38,Weatherford,OK,35.5261633,-98.7075744
401541751,2023,1,2023-08-31T23:00:00.000Z,Southern Nazarene University Football Stadium,Southern Nazarene,Harding University,20,53,Bethany,OK,35.5186728,-97.6322648
401541033,2023,1,2023-08-31T23:00:00.000Z,Burke-Tarr Stadium,Carson-Newman College,Virginia University Of Lynchburg,35,3,Jefferson City,TN,36.122311,-83.4923961
401540775,2023,1,2023-08-31T23:00:00.000Z,Ranger Field,Northwestern Oklahoma State,Arkansas-Monticello,24,49,Alva,OK,36.8030501,-98.6660278
401545810,2023,1,2023-08-31T23:00:00.000Z,Chet Anderson Stadium,Bemidji State,Northern State,49,13,Bemidji,MN,47.4785418,-94.8907869
401545835,2023,1,2023-08-31T23:00:00.000Z,"Memorial Stadium (Wayne, NE)",Wayne State (NE),Minnesota State Moorhead,31,23,Wayne,NE,42.1941294,-97.169623
401545842,2023,1,2023-08-31T23:00:00.000Z,Bob Young Field,Sioux Falls,Minnesota State Mankato,26,54,Sioux Falls,SD,43.5488256,-96.7307737
401540794,2023,1,2023-08-31T23:00:00.000Z,James S. Malosky Stadium,Minnesota Duluth,Northern Michigan,47,10,Duluth,MN,46.7729322,-92.1251218
401554814,2023,1,2023-08-31T23:00:00.000Z,Coyer Field,Buffalo State,Brockport,6,42,Buffalo,NY,42.8867166,-78.8783922
401545751,2023,1,2023-08-31T23:00:00.000Z,QU Stadium,Quincy,Chadron St,34,35,Quincy,IL,39.9356016,-91.4098727
401550240,2023,1,2023-08-31T23:00:00.000Z,Taylor Field,Lakeland,Wisconsin-Platteville,13,80,Plymouth,WI,43.7486054,-87.977038
401550360,2023,1,2023-08-31T23:00:00.000Z,Belhaven Bowl Stadium,Belhaven,Millsaps,47,7,Jackson,MS,32.2990021,-90.1847691
401547175,2023,1,2023-08-31T23:00:00.000Z,War Memorial Stadium (AR),McMurry,Birmingham-Southern,19,20,Little Rock,AR,34.749848,-92.330127
401541881,2023,1,2023-08-31T23:00:00.000Z,University Stadium (GA),West Georgia,Limestone,21,19,Carrollton,GA,33.5801103,-85.0766113
401532393,2023,1,2023-08-31T23:00:00.000Z,Waldo Stadium,Western Michigan,St. Francis (PA),35,17,Kalamazoo,MI,42.2860064,-85.6007573
401545847,2023,1,2023-08-31T23:00:00.000Z,Herb Parker Stadium,Minot State,Southwest Minnesota State,23,28,Minot,ND,48.23251,-101.296273
401541001,2023,1,2023-08-31T23:00:00.000Z,Duvall-Rosier Field,Fairmont State,Bloomsburg,34,30,Fairmont,WV,39.4850848,-80.1425781
401541012,2023,1,2023-08-31T23:00:00.000Z,University of Charleston Stadium,University Of Charleston (WV),Gannon,22,13,Charleston,WV,38.3505995,-81.6332812
401545779,2023,1,2023-08-31T23:00:00.000Z,Bishop Schmitt Field,Wheeling,Seton Hill,35,24,Wheeling,WV,40.0639616,-80.7209149
401545869,2023,1,2023-08-31T23:00:00.000Z,Lincoln University Stadium,Lincoln (PA),Clarion,20,30,Lincoln University,PA,39.8065518,-75.92870551247694
401547053,2023,1,2023-08-31T23:00:00.000Z,Alumni Stadium (KY),Kentucky State,Clark Atlanta,34,20,Frankfort,KY,38.2009055,-84.8732836
401558399,2023,1,2023-08-31T23:00:00.000Z,Wildcat Field,Louisiana College,East Texas Baptist University,34,14,Pineville,LA,31.3224044,-92.4343035
401551497,2023,1,2023-08-31T23:05:00.000Z,Eiler-Martin Stadium,East Stroudsburg University,Pace,62,9,East Stroudsburg,PA,40.9995386,-75.1812913
401545819,2023,1,2023-08-31T23:30:00.000Z,Sea Foam Stadium,Concordia University St Paul,Upper Iowa University,43,20,Saint Paul,MN,44.9497487,-93.0931028
401540451,2023,1,2023-08-31T23:30:00.000Z,Stambaugh Stadium,Youngstown State,Valparaiso,52,10,Youngstown,OH,41.1092964,-80.6501885
401520174,2023,1,2023-08-31T23:30:00.000Z,Pratt & Whitney Stadium,UConn,NC State,14,24,East Hartford,CT,41.7595675,-72.6187728
401549695,2023,1,2023-08-31T23:30:00.000Z,Top Taggart Field,Ferris State,Mercyhurst,54,12,Big Rapids,MI,43.698078,-85.483656
401540745,2023,1,2023-09-01T00:00:00.000Z,Marv Kay Stadium at Campbell Field,Colorado School Of Mines,Grand Valley State University,31,28,Golden,CO,39.7546349,-105.2205809
401544875,2023,1,2023-09-01T00:00:00.000Z,Francis G. Welch Stadium,Emporia State University,Lincoln (MO),56,10,Emporia,KS,38.4040054,-96.181623
401540278,2023,1,2023-09-01T00:00:00.000Z,Wildcat Stadium (TX),Abilene Christian,Northern Colorado,31,11,Abilene,TX,32.472275,-99.710464
401531377,2023,1,2023-09-01T00:00:00.000Z,Protective Stadium,UAB,North Carolina A&T,35,6,Birmingham,AL,33.5206824,-86.8024326
401541760,2023,1,2023-09-01T00:00:00.000Z,Ruggles Field at Carpenter-Haygood Stadium,Henderson State,East Central (OK),41,13,Arkadelphia,AR,34.1209292,-93.053784
401540463,2023,1,2023-09-01T00:00:00.000Z,Dana J. Dykhouse Stadium,South Dakota State,Western Oregon,45,7,Brookings,SD,44.3210182,-96.7801386
401551490,2023,1,2023-09-01T00:00:00.000Z,Al Whitehead Field at Greyhound Stadium,Eastern New Mexico,New Mexico Highlands,28,26,Portales,NM,34.1861922,-103.334397
401541923,2023,1,2023-09-01T00:00:00.000Z,Stewart Stadium,Weber State,Central Washington,35,10,Ogden,UT,41.1918741,-111.9401391
401541775,2023,1,2023-09-01T00:00:00.000Z,Crain Family Stadium,Oklahoma Baptist,Arkansas Tech,23,21,Shawnee,OK,35.3272928,-96.9253004
401541984,2023,1,2023-09-01T00:00:00.000Z,Carnie Smith Stadium,Pittsburg St,Washburn,34,7,Pittsburg,KS,37.4108841,-94.70496
401550428,2023,1,2023-09-01T00:00:00.000Z,Hunter Stadium,Lindenwood,Wisconsin-Stevens Pt,77,9,Saint Charles,MO,38.7946252,-90.519829
401531337,2023,1,2023-09-01T00:00:00.000Z,Chapman Stadium,Tulsa,Arkansas-Pine Bluff,42,7,Tulsa,OK,36.1489175,-95.9437853
401541958,2023,1,2023-09-01T00:00:00.000Z,Fred G. Hughes Stadium,Missouri Southern State,Northwest Missouri St,24,31,Joplin,MO,37.08418,-94.51323
401541939,2023,1,2023-09-01T00:00:00.000Z,Wantland Stadium,Central Oklahoma,Nebraska-Kearney,24,21,Edmond,OK,35.6571367,-97.4649038
401550414,2023,1,2023-09-01T00:00:00.000Z,Trojan Stadium,Dakota State University,Wisconsin-Lacrosse,6,31,Madison,SD,44.006085,-97.11395
401520176,2023,1,2023-09-01T00:00:00.000Z,Rice-Eccles Stadium,Utah,Florida,24,11,Salt Lake City,UT,40.7599724,-111.8488255
401520148,2023,1,2023-09-01T00:00:00.000Z,Huntington Bank Stadium,Minnesota,Nebraska,13,10,Minneapolis,MN,44.976525,-93.2245462
401541928,2023,1,2023-09-01T00:00:00.000Z,Craig Field at Spratt Memorial Stadium,Missouri Western,Central Missouri,38,45,Saint Joseph,MO,39.7686055,-94.8466322
401520165,2023,1,2023-09-01T00:00:00.000Z,Memorial Stadium,Missouri,South Dakota,35,10,Terre Haute,IN,39.4746858,-87.3669599
401520165,2023,1,2023-09-01T00:00:00.000Z,Memorial Stadium,Missouri,South Dakota,35,10,Lawrence,KS,38.9629418,-95.2463686
401520165,2023,1,2023-09-01T00:00:00.000Z,Memorial Stadium,Missouri,South Dakota,35,10,Columbia,MO,38.9358491,-92.3332009
401549650,2023,1,2023-09-01T00:00:00.000Z,Strong Stadium,Beloit,Rockford,34,27,Beloit,WI,42.5083272,-89.031784
401523987,2023,1,2023-09-01T02:00:00.000Z,Mountain America Stadium,Arizona State,Southern Utah,24,21,Tempe,AZ,33.4264471,-111.9325005
401541826,2023,1,2023-09-01T22:00:00.000Z,Blue Wahoos Stadium,West Florida,Kentucky Wesleyan,35,3,Pensacola,FL,30.421309,-87.2169149
401550131,2023,1,2023-09-01T22:00:00.000Z,Vendetti Field,Nichols College,UMass Dartmouth,6,57,Dudley,MA,42.0572744,-71.9396898
401532394,2023,1,2023-09-01T22:30:00.000Z,Rynearson Stadium,Eastern Michigan,Howard,33,23,Ypsilanti,MI,42.256126,-83.647285
401552881,2023,1,2023-09-01T23:00:00.000Z,"Alumni Stadium (Worcester, MA)",Worcester Polytechnic Institute,Worcester St,44,13,Worcester,MA,42.2625621,-71.8018877
401553027,2023,1,2023-09-01T23:00:00.000Z,Cardinal Stadium (DC),Catholic,McDaniel College,34,7,Washington,DC,38.8950368,-77.0365427
401549629,2023,1,2023-09-01T23:00:00.000Z,Scotty Wood Stadium,Muhlenberg,Moravian,53,12,Allentown,PA,40.6022059,-75.4712794
401549580,2023,1,2023-09-01T23:00:00.000Z,Merrill Field at Yunevich Stadium,Alfred University,Hobart College,9,31,Alfred,NY,42.2542334,-77.7906062
401520163,2023,1,2023-09-01T23:00:00.000Z,Spartan Stadium,Michigan State,Central Michigan,31,7,East Lansing,MI,42.7281474,-84.4848526
401525463,2023,1,2023-09-01T23:00:00.000Z,Hard Rock Stadium,Miami,Miami (OH),38,3,Miami Gardens,FL,25.9579665,-80.2388604
401550079,2023,1,2023-09-01T23:00:00.000Z,Walter M. Katz Field,Curry College,Salve Regina,0,48,Milton,MA,42.2501425,-71.065573
401550109,2023,1,2023-09-01T23:00:00.000Z,Arnold Field (PA),Lebanon Valley,Franklin & Marshall,12,16,Annville,PA,40.3295901,-76.515226
401525462,2023,1,2023-09-01T23:30:00.000Z,Mercedes-Benz Stadium,Georgia Tech,Louisville,34,39,Atlanta,GA,33.755578,-84.400881
401552447,2023,1,2023-09-01T23:30:00.000Z,Patterson Field,Ursinus,Reading,38,6,Collegeville,PA,40.1856597,-75.451571
401525815,2023,1,2023-09-02T00:00:00.000Z,Memorial Stadium,Kansas,Missouri State,48,17,Terre Haute,IN,39.4746858,-87.3669599
401525815,2023,1,2023-09-02T00:00:00.000Z,Memorial Stadium,Kansas,Missouri State,48,17,Lawrence,KS,38.9629418,-95.2463686
401525815,2023,1,2023-09-02T00:00:00.000Z,Memorial Stadium,Kansas,Missouri State,48,17,Columbia,MO,38.9358491,-92.3332009
401553008,2023,1,2023-09-02T00:00:00.000Z,Shelton Stadium,Hardin-Simmons,Albright,47,3,Abilene,TX,32.44645,-99.7475905
401546011,2023,1,2023-09-02T00:00:00.000Z,O'Harra Stadium,South Dakota Mines,Valley City State,31,14,Rapid City,SD,44.0869329,-103.2274481
401523988,2023,1,2023-09-02T03:00:00.000Z,Clarence T.C. Ching Athletics Complex,Hawai'i,Stanford,24,37,Honolulu,HI,21.294294,-157.819338
401540737,2023,1,2023-09-02T04:00:00.000Z,Donnell Stadium,Findlay,Truman State,10,20,Findlay,OH,41.0413873,-83.6503982
401540163,2023,1,2023-09-02T04:00:00.000Z,Soldier Field,Mississippi Valley State,Central State (OH),21,24,Chicago,IL,41.8625,-87.616667
401545706,2023,1,2023-09-02T04:00:00.000Z,Callaghan Stadium,Concord University,Emory & Henry College,10,56,Princeton,WV,37.366328,-81.1026607
401544096,2023,1,2023-09-02T04:00:00.000Z,Don Drumm Stadium,Marietta,St John Fisher University,31,7,Marietta,OH,39.4167742,-81.4548392
401540012,2023,1,2023-09-02T04:00:00.000Z,Arthur J. Rooney Athletic Field,Duquesne,Edinboro University,49,7,Pittsburgh,PA,40.4355808,-79.9900263
401540219,2023,1,2023-09-02T04:00:00.000Z,Bobcat Stadium,Montana State,Utah Tech,63,20,Bozeman,MT,45.659048,-111.049547
401544077,2023,1,2023-09-02T04:00:00.000Z,,LYONCOLL,Grinnell,18,12,,,,
401541905,2023,1,2023-09-02T04:00:00.000Z,Ratliff Stadium,UT Permian Basin,Texas College,96,0,Odessa,TX,31.8457149,-102.367687
401539993,2023,1,2023-09-02T04:00:00.000Z,O'Kelly-Riddick Stadium,North Carolina Central,Winston-Salem,47,21,Durham,NC,35.9738646,-78.896969
401545759,2023,1,2023-09-02T04:00:00.000Z,Mueller Field,Notre Dame College,Ohio Dominican,23,21,South Euclid,OH,41.5231076,-81.5184553
401546995,2023,1,2023-09-02T04:00:00.000Z,Jack Britt Memorial Stadium,Lake Erie,Franklin Pierce,10,26,Painesville,OH,41.7244885,-81.245657
401540078,2023,1,2023-09-02T04:00:00.000Z,Goodman Stadium,Lehigh,Villanova,10,38,Bethlehem,PA,40.5890837,-75.3553874
401540396,2023,1,2023-09-02T04:00:00.000Z,Alumni Memorial Field,VMI,Davidson,12,7,Lexington,VA,37.788983,-79.43505
401540225,2023,1,2023-09-02T04:00:00.000Z,Alex G. Spanos Stadium,Cal Poly,San Diego,27,10,San Luis Obispo,CA,35.2984123,-120.6650005
401550253,2023,1,2023-09-02T04:00:00.000Z,Bernlohr Stadium,Capital,Denison University,35,45,Bexley,OH,39.9692378,-82.936864
401540003,2023,1,2023-09-02T04:00:00.000Z,Arute Field,Central Connecticut,American International,44,0,New Britain,CT,41.6950591,-72.7616197
401540285,2023,1,2023-09-02T04:00:00.000Z,Manning Field at John L. Guidry Stadium,Nicholls,Sacramento State,24,38,Thibodaux,LA,29.7867254,-90.80455
401540065,2023,1,2023-09-02T04:00:00.000Z,Fitton Field,Holy Cross,Merrimack,42,20,Worcester,MA,42.2403564,-71.8111424
401541912,2023,1,2023-09-02T04:00:00.000Z,Mountaineer Bowl,Western Colorado,West Texas A&M,28,6,Gunnison,CO,38.6476702,-107.0603126
401550454,2023,1,2023-09-02T04:00:00.000Z,Blue Jay Stadium,Westminster College (MO),Rhodes College,0,47,Fulton,MO,38.8467082,-91.9479586
401549784,2023,1,2023-09-02T04:00:00.000Z,Armfield Athletic Center,Guilford College,Greensboro College,36,21,Greensboro,NC,36.0726355,-79.7919754
401540166,2023,1,2023-09-02T04:00:00.000Z,BBVA Compass Stadium,Texas Southern,Prairie View A&M,34,37,Houston,TX,29.7521988,-95.3524146
401540562,2023,1,2023-09-02T04:00:00.000Z,O'Shaughnessy Stadium,St. Thomas (MN),Black Hills State,36,26,Saint Paul,MN,44.9497487,-93.0931028
401550056,2023,1,2023-09-02T16:00:00.000Z,Stadium Red Field,Cortland,Delaware Valley,42,13,Cortland,NY,41.2446453,-73.9259559
401520162,2023,1,2023-09-02T16:00:00.000Z,Michigan Stadium,Michigan,East Carolina,30,3,Ann Arbor,MI,42.2658365,-83.7486956
401520172,2023,1,2023-09-02T16:00:00.000Z,Gerald J. Ford Stadium,SMU,Louisiana Tech,38,14,University Park,TX,32.8377223,-96.7827859
401525822,2023,1,2023-09-02T16:00:00.000Z,"Memorial Stadium (Norman, OK)",Oklahoma,Arkansas State,73,0,Norman,OK,35.2058537,-97.4423145
401558747,2023,1,2023-09-02T16:00:00.000Z,Lions Stadium,College Of New Jersey,Eastern University,41,21,Ewing,NJ,40.2688105,-74.8006895
401520159,2023,1,2023-09-02T16:00:00.000Z,Kroger Field,Kentucky,Ball State,44,14,Lexington,KY,38.0220905,-84.5053408
401525464,2023,1,2023-09-02T16:00:00.000Z,"Alumni Stadium (Chestnut Hill, MA)",Boston College,Northern Illinois,24,27,Chestnut Hill,MA,42.335104,-71.1664413
401540708,2023,1,2023-09-02T16:00:00.000Z,Frost-Kalnow Stadium,Tiffin,McKendree,79,14,Tiffin,OH,41.114485,-83.1779537
401545971,2023,1,2023-09-02T16:00:00.000Z,Bentley University Football Stadium,Bentley,West Chester,19,20,Waltham,MA,42.3756401,-71.2358004
401545782,2023,1,2023-09-02T16:00:00.000Z,Multi-Sport Stadium,Assumption,Kutztown University,31,20,Worcester,MA,42.2625621,-71.8018877
401549730,2023,1,2023-09-02T16:00:00.000Z,Westside Athletic Complex,Western Connecticut St,Merchant Marine Academy,35,52,Danbury,CT,41.394817,-73.4540111
401523994,2023,1,2023-09-02T16:00:00.000Z,Amon G. Carter Stadium,TCU,Colorado,42,45,Fort Worth,TX,32.7096604,-97.3680835
401547185,2023,1,2023-09-02T16:00:00.000Z,Homewood Field,Johns Hopkins University,Ithaca College,27,17,Baltimore,MD,39.2908816,-76.610759
401541053,2023,1,2023-09-02T16:00:00.000Z,Kean Alumni Stadium,Kean,SUNY Morrisville,14,24,Union,NJ,40.6976019,-74.2632024
401520179,2023,1,2023-09-02T16:00:00.000Z,Nissan Stadium,Tennessee,Virginia,49,13,Nashville,TN,36.166479,-86.7712898
401520160,2023,1,2023-09-02T16:00:00.000Z,Williams Stadium (VA),Liberty,Bowling Green,34,24,Lynchburg,VA,37.3544305,-79.1750239
401520157,2023,1,2023-09-02T16:00:00.000Z,Kinnick Stadium,Iowa,Utah State,24,14,Iowa City,IA,41.6586045,-91.5510829
401520170,2023,1,2023-09-02T16:00:00.000Z,Ross-Ade Stadium,Purdue,Fresno State,35,39,West Lafayette,IN,40.4352253,-86.9186843
401549737,2023,1,2023-09-02T16:00:00.000Z,Henry G. Steinbrenner '27 Stadium,MIT,Bridgewater State,41,27,Cambridge,MA,42.3750997,-71.1056157
401552473,2023,1,2023-09-02T16:00:00.000Z,Dale Lippert Field,Dean College,Fitchburg State,33,17,Franklin,MA,34.440962,-87.8339064
401545963,2023,1,2023-09-02T16:00:00.000Z,Seth Grove Stadium,Shippensburg,Newberry,10,14,Shippensburg,PA,40.0507198,-77.5205485
401551929,2023,1,2023-09-02T16:00:00.000Z,Athletic Field Complex,Keystone,Gallaudet,27,6,La Plume,PA,41.5565738,-75.7551655
401544051,2023,1,2023-09-02T16:00:00.000Z,Edwin Fauver Stadium,University of Rochester (NY),Utica,17,20,Rochester,NY,43.157285,-77.615214
401549622,2023,1,2023-09-02T16:00:00.000Z,Hempstead Stadium,Endicott College,St. Lawrence,31,0,Beverly,MA,42.5584284,-70.8800491
401549310,2023,1,2023-09-02T16:00:00.000Z,St. Francis High School,Hilbert College,Union (NY),0,65,Hamburg,NY,,
401553021,2023,1,2023-09-02T16:00:00.000Z,Schmidt Stadium,Wilkes,Kings College (PA),23,27,Edwardsville,PA,33.707182,-85.51021468718943
401550145,2023,1,2023-09-02T16:00:00.000Z,Angell Field,Kalamazoo,Oberlin,42,10,Kalamazoo,MI,42.291707,-85.5872286
401550282,2023,1,2023-09-02T16:00:00.000Z,"Memorial Stadium (Westerville, OH)",Otterbein,Ohio Wesleyan,21,35,Westerville,OH,40.126139,-82.9295287
401545891,2023,1,2023-09-02T16:00:00.000Z,Ram Stadium (WV),Shepherd,Southern Connecticut State,27,26,Shepherdstown,WV,39.4300996,-77.804161
401550292,2023,1,2023-09-02T16:00:00.000Z,Bahlke Field,Alma,Ohio Northern,52,7,Alma,MI,43.37892,-84.659727
401541110,2023,1,2023-09-02T16:00:00.000Z,Bishop Stadium,North Carolina Wesleyan,Randolph-Macon,9,51,Rocky Mount,NC,35.9423833,-77.7956949
401546992,2023,1,2023-09-02T16:00:00.000Z,Farmers Insurance Athletic Complex,Davenport,Thomas More College,31,17,Caledonia,MI,37.763382,-90.7729061
401540057,2023,1,2023-09-02T16:30:00.000Z,Cooper Field,Georgetown,Marist,49,7,Washington,DC,38.9080248,-77.0753144
401540099,2023,1,2023-09-02T17:00:00.000Z,Hancock Stadium,Illinois State,Dayton,41,0,Normal,IL,40.5125091,-88.9967177
401550025,2023,1,2023-09-02T17:00:00.000Z,John F. Wiley Stadium,Waynesburg,Allegheny,36,39,Waynesburg,PA,39.8964641,-80.1792299
401549817,2023,1,2023-09-02T17:00:00.000Z,Jopson Athletic Complex,Bridgewater (VA),Susquehanna,19,51,Bridgewater,VA,38.3820655,-78.9766975
401544871,2023,1,2023-09-02T17:00:00.000Z,Roebuck Stadium,Elizabeth City State,Catawba,23,31,Elizabeth City,NC,36.2956836,-76.2247697
401550061,2023,1,2023-09-02T17:00:00.000Z,Dave Wolk Stadium,Castleton,Plymouth State,25,21,Castleton,VT,43.6111275,-73.1807089
401544060,2023,1,2023-09-02T17:00:00.000Z,Wightman Stadium,William Paterson,FDU-Florham,29,33,Wayne,NJ,40.9491723,-74.2376802
401547195,2023,1,2023-09-02T17:00:00.000Z,Dr. John W. Winkin Sports Complex,Husson,Norwich,28,14,Bangor,ME,44.8011821,-68.7778138
401549615,2023,1,2023-09-02T17:00:00.000Z,Biddle Field,Dickinson (PA),Rensselaer,27,38,Carlisle,PA,40.201499,-77.1890783
401550366,2023,1,2023-09-02T17:00:00.000Z,Hardee-McGee Field,Sewanee,Maryville College (TN),8,28,Sewanee,TN,35.200644,-85.91952368522726
401539970,2023,1,2023-09-02T17:00:00.000Z,Alumni Stadium,Delaware State,Bowie State,11,22,Dover,DE,39.189375,-75.5433185
401552992,2023,1,2023-09-02T17:00:00.000Z,Shirk Field at Musselman Stadium,Gettysburg,Juniata College,40,20,Gettysburg,PA,39.8308973,-77.231012
401550289,2023,1,2023-09-02T17:00:00.000Z,Lewis C. Everett Stadium,Hampden-Sydney,Wabash College,28,29,Farmville,VA,37.3024713,-78.3923813
401549802,2023,1,2023-09-02T17:00:00.000Z,Shentel Stadium,Shenandoah,Methodist,44,29,Winchester,VA,39.1852184,-78.1652404
401550226,2023,1,2023-09-02T17:00:00.000Z,Wilson Field,Washington and Lee,Salisbury,7,28,Lexington,VA,37.7840208,-79.4428157
401532570,2023,1,2023-09-02T17:00:00.000Z,Falcon Stadium,Air Force,Robert Morris,42,7,Colorado Springs,CO,38.9969701,-104.8436165
401544954,2023,1,2023-09-02T17:00:00.000Z,George Finnie Stadium,Baldwin Wallace,Mount St. Joseph,33,46,Berea,OH,41.3661614,-81.8543026
401553000,2023,1,2023-09-02T17:00:00.000Z,Leslie C. Quick Jr. Stadium,Widener,Lycoming,42,21,Chester,PA,39.849557,-75.3557458
401540508,2023,1,2023-09-02T17:00:00.000Z,W.B. Mason Stadium,Stonehill,New Hampshire,17,51,North Easton,MA,42.0667665,-71.1036592
401541101,2023,1,2023-09-02T17:00:00.000Z,Golden Bear Stadium,Western New England,Springfield,14,28,Springfield,MA,42.1018764,-72.5886727
401549752,2023,1,2023-09-02T17:00:00.000Z,Sherman Field at McConagha Stadium,Muskingum University,Ferrum,31,20,New Concord,OH,39.9934992,-81.7338559
401550187,2023,1,2023-09-02T17:00:00.000Z,Clemens Stadium,Saint John's (MN),Trinity University TX,34,31,Collegeville,MN,45.5944117,-94.3622868
401550309,2023,1,2023-09-02T17:00:00.000Z,Apprentice Field,Apprentice School,Averett,14,34,Newport News,VA,36.9775016,-76.42977
401551917,2023,1,2023-09-02T17:00:00.000Z,Mangelsdorf Field,Misericordia,Alfred State,14,24,Dallas,PA,32.3117968,-87.1046643
401547204,2023,1,2023-09-02T17:00:00.000Z,Blue Storm Stadium,Biddeford,Coast Guard,44,28,Portland,ME,43.6610277,-70.2548596
401541092,2023,1,2023-09-02T17:00:00.000Z,Wiliams Stadium (OH),Wilmington (OH),Wooster,63,43,Wilmington,OH,39.4453393,-83.8285375
401540684,2023,1,2023-09-02T17:00:00.000Z,Cebe Ross Field,West Virginia Wesleyan,Johnson C Smith,6,49,Buckhannon,WV,38.9939426,-80.2322698
401550391,2023,1,2023-09-02T17:00:00.000Z,Robert E. Thorn Field,Grove City College,Westminster (PA),17,7,Grove City,PA,41.1579008,-80.0886631
401544115,2023,1,2023-09-02T17:00:00.000Z,Chuck Noll Field,Saint Vincent,Washington & Jefferson,0,51,Latrobe,PA,40.317287,-79.3840301
401549810,2023,1,2023-09-02T17:00:00.000Z,Brevard Memorial Stadium,Brevard College,Warner University,23,29,Brevard,NC,35.2334472,-82.7342919
401544962,2023,1,2023-09-02T17:30:00.000Z,"Stewart """"Red"""" Faught Stadium",Franklin,Olivet College,32,35,Franklin,IN,33.704156,-117.75109
401544106,2023,1,2023-09-02T17:30:00.000Z,Justin F. Coressel Stadium,Defiance College,University of Mount Union,6,45,Defiance,OH,41.2844933,-84.3557802
401550091,2023,1,2023-09-02T17:30:00.000Z,Farris Stadium,Centre College Kentucky,Hanover College,7,10,Danville,KY,37.6456488,-84.7721823
401525820,2023,1,2023-09-02T18:00:00.000Z,Jack Trice Stadium,Iowa State,Northern Iowa,30,9,Ames,IA,42.0139977,-93.6357716
401550286,2023,1,2023-09-02T18:00:00.000Z,Don Shula Stadium at Wasmer Field,John Carroll University,Wisconsin-Whitewater,23,27,University Heights,OH,41.497831,-81.537346
401550179,2023,1,2023-09-02T18:00:00.000Z,Klas Field,Hamline University,Crown College,45,13,Saint Paul,MN,44.9497487,-93.0931028
401541120,2023,1,2023-09-02T18:00:00.000Z,Concordia Stadium,Concordia University Chicago,Greenville,14,41,River Forest,IL,41.8978091,-87.8139483
401549767,2023,1,2023-09-02T18:00:00.000Z,Tomasini Stadium,Concordia-Wisconsin,Martin Luther,55,14,Mequon,WI,43.2219088,-87.9822969
401550451,2023,1,2023-09-02T18:00:00.000Z,,St Ambrose University  Iowa,Wisconsin-Stout,7,35,,,,
401550153,2023,1,2023-09-02T18:00:00.000Z,Edor Nelson Field,Augsburg,Northwestern (MN),52,10,Minneapolis,MN,44.9772995,-93.2654692
401531387,2023,1,2023-09-02T18:00:00.000Z,Lincoln Financial Field,Temple,Akron,24,21,Philadelphia,PA,39.9007995,-75.1675414
401549776,2023,1,2023-09-02T18:00:00.000Z,Carson Park,Wisconsin-Eau Claire,Concordia Moorhead,31,28,Eau Claire,WI,44.811349,-91.4984941
401547099,2023,1,2023-09-02T18:00:00.000Z,Van Metre Field at Ash Park,Cornell College (IA),Coe College,6,56,Mount Vernon,IA,41.9222443,-91.4171209
401547125,2023,1,2023-09-02T18:00:00.000Z,Jerry E. Apple Stadium,Austin,Nebraska Wesleyan,7,19,Sherman,TX,36.2452294,-101.8858689
401532395,2023,1,2023-09-02T18:00:00.000Z,Peden Stadium,Ohio,Long Island University,27,10,Athens,OH,39.3212794,-82.1034315
401547090,2023,1,2023-09-02T18:00:00.000Z,Klein Field at Manitou,St. Olaf,Central College,24,34,Northfield,MN,44.4582041,-93.161159
401550207,2023,1,2023-09-02T18:00:00.000Z,Donald J. Schneider Stadium,St. Norbert,Ripon,23,7,De Pere,WI,44.4493584,-88.0599986
401545800,2023,1,2023-09-02T18:00:00.000Z,Kirkeby-Over Stadium,Augustana University (SD),University of Mary,38,7,Sioux Falls,SD,43.5488256,-96.7307737
401539986,2023,1,2023-09-02T18:00:00.000Z,"William Dick"""" Price Stadium""""",Norfolk State,Virginia St,24,33,Norfolk,VA,36.8469442,-76.2600839
401547080,2023,1,2023-09-02T18:00:00.000Z,Hollingsworth Field,Gustavus Adolphus,Buena Vista,51,7,Saint Peter,MN,44.3238384,-93.9585295
401540258,2023,1,2023-09-02T18:00:00.000Z,Washington-Grizzly Stadium,Montana,Butler,35,20,Missoula,MT,46.8638753,-113.9815042
401554953,2023,1,2023-09-02T18:00:00.000Z,,Roosevelt,North Central College,7,41,,,,
401544069,2023,1,2023-09-02T18:00:00.000Z,Langhorst Field,Elmhurst,Adrian,14,3,Elmhurst,IL,41.8994745,-87.9403418
401549638,2023,1,2023-09-02T18:00:00.000Z,Art Keller Field,Carthage,Albion,20,41,Kenosha,WI,42.5846773,-87.8212263
401550219,2023,1,2023-09-02T18:00:00.000Z,Vago Field,Aurora,Hope College,38,17,Aurora,IL,41.7571701,-88.3147539
401550212,2023,1,2023-09-02T18:00:00.000Z,Amos Alonzo Stagg Field,Chicago,Claremont-Mudd-Scripps College,15,24,Chicago,IL,41.8755616,-87.6244212
401547148,2023,1,2023-09-02T18:00:00.000Z,David Smith Stadium at Ramer Field,Wisconsin-River Falls,Mary Hardin-Baylor,45,22,River Falls,WI,44.8595111,-92.6265897
401549644,2023,1,2023-09-02T18:00:00.000Z,Young-Wise Memorial Stadium,Hendrix College,Washington University (St. Louis),27,44,Conway,AR,35.2521996,-92.6888936
401520158,2023,1,2023-09-02T18:00:00.000Z,AmFirst Stadium,Jacksonville State,East Tennessee State,49,3,Jacksonville,AL,33.8201052,-85.76647
401520168,2023,1,2023-09-02T18:00:00.000Z,Vaught-Hemingway Stadium,Ole Miss,Mercer,73,7,Oxford,MS,34.3619837,-89.5342076
401547107,2023,1,2023-09-02T18:00:00.000Z,Chalmers Field,Dubuque,Wittenberg,27,28,Dubuque,IA,42.5006243,-90.6647985
401546947,2023,1,2023-09-02T18:00:00.000Z,Liberty North High School,William Jewell,Fort Lewis,42,6,Liberty,MO,,
401541043,2023,1,2023-09-02T18:05:00.000Z,J.J. Keller Field at Titan Stadium,Wisconsin-Oshkosh,Texas Lutheran,48,31,Oshkosh,WI,44.0206919,-88.5408574
401541898,2023,1,2023-09-02T19:00:00.000Z,Ralph Stocker Stadium,Colorado Mesa,Texas A&M-Kingsville,10,30,Grand Junction,CO,39.063956,-108.5507317
401544926,2023,1,2023-09-02T19:00:00.000Z,Lane Field,Lane College,Miles College,24,37,Jackson,TN,35.6144446,-88.8177418
401523992,2023,1,2023-09-02T19:00:00.000Z,Autzen Stadium,Oregon,Portland State,81,7,Eugene,OR,44.0582712,-123.0684883
401540155,2023,1,2023-09-02T19:00:00.000Z,Red Bull Arena,Hampton,Grambling,35,31,Harrison,NJ,,
401531835,2023,1,2023-09-02T19:30:00.000Z,Kidd Brewer Stadium,App State,Gardner-Webb,45,24,Boone,NC,36.2114267,-81.6854278
401520181,2023,1,2023-09-02T19:30:00.000Z,Houchens Industries-L.T. Smith Stadium,Western Kentucky,South Florida,41,24,Bowling Green,KY,36.9847901,-86.4594041
401520151,2023,1,2023-09-02T19:30:00.000Z,Jordan-Hare Stadium,Auburn,Massachusetts,59,14,Auburn,AL,32.6025532,-85.4897479
401525435,2023,1,2023-09-02T19:30:00.000Z,Notre Dame Stadium,Notre Dame,Tennessee State,56,3,Notre Dame,IN,41.698378,-86.2339425
401525818,2023,1,2023-09-02T19:30:00.000Z,Nippert Stadium,Cincinnati,Eastern Kentucky,66,13,Cincinnati,OH,39.1312495,-84.5161913
401520180,2023,1,2023-09-02T19:30:00.000Z,Camp Randall Stadium,Wisconsin,Buffalo,38,17,Madison,WI,43.06994,-89.4126943
401525824,2023,1,2023-09-02T19:30:00.000Z,DKR-Texas Memorial Stadium,Texas,Rice,37,10,Austin,TX,30.2836813,-97.7325345
401540235,2023,1,2023-09-02T19:30:00.000Z,U.S. Bank Stadium,North Dakota State,Eastern Washington,35,10,Minneapolis,MN,,
401525465,2023,1,2023-09-02T19:30:00.000Z,Acrisure Stadium,Pittsburgh,Wofford,45,7,Pittsburgh,PA,40.4467648,-80.0157603
401520161,2023,1,2023-09-02T19:30:00.000Z,SECU Stadium,Maryland,Towson,38,6,College Park,MD,38.9903332,-76.9473792
401523997,2023,1,2023-09-02T19:30:00.000Z,Husky Stadium,Washington,Boise State,56,19,Houston,TX,29.6949025,-95.5167353
401523997,2023,1,2023-09-02T19:30:00.000Z,Husky Stadium,Washington,Boise State,56,19,Saint Cloud,MN,45.5616075,-94.1642004
401523997,2023,1,2023-09-02T19:30:00.000Z,Husky Stadium,Washington,Boise State,56,19,Seattle,WA,47.6503235,-122.3015746
401520156,2023,1,2023-09-02T19:30:00.000Z,"Memorial Stadium (Bloomington, IN)",Indiana,Ohio State,3,23,Bloomington,IN,39.1808959,-86.5256217
401558977,2023,1,2023-09-02T20:00:00.000Z,Reinhart Field,SUNY Maritime,Hartwick,34,11,Bronx,NY,40.807528,-73.797744
401520150,2023,1,2023-09-02T20:00:00.000Z,War Memorial Stadium (AR),Arkansas,Western Carolina,56,13,Little Rock,AR,34.749848,-92.330127
401553004,2023,1,2023-09-02T20:00:00.000Z,Ortmayer Stadium,La Verne,Willamette,21,24,La Verne,CA,34.1008426,-117.7678355
401544144,2023,1,2023-09-02T20:00:00.000Z,Sparks Stadium,Pacific Lutheran,Redlands,14,24,Puyallup,WA,47.1849009,-122.29214
401523991,2023,1,2023-09-02T20:00:00.000Z,DATCU Stadium,North Texas,California,21,58,Denton,TX,33.203899,-97.159245
401540369,2023,1,2023-09-02T20:00:00.000Z,Alerus Center,North Dakota,Drake,55,7,Grand Forks,ND,47.910622,-97.090996
401551509,2023,1,2023-09-02T20:00:00.000Z,William Rolland Stadium,California Lutheran University,Southwestern University,41,35,Thousand Oaks,CA,34.1705609,-118.8375937
401532572,2023,1,2023-09-02T20:00:00.000Z,Allegiant Stadium,UNLV,Bryant,44,14,Las Vegas,NV,36.1672559,-115.1485163
401525466,2023,1,2023-09-02T20:00:00.000Z,JMA Wireless Dome,Syracuse,Colgate,65,0,Syracuse,NY,43.0362269,-76.1363161
401550874,2023,1,2023-09-02T20:00:00.000Z,Baker Stadium,Puget Sound,Lewis & Clark College,42,38,Tacoma,WA,47.2495798,-122.4398746
401520164,2023,1,2023-09-02T20:00:00.000Z,Davis Wade Stadium,Mississippi State,SE Louisiana,48,7,Starkville,MS,33.4563403,-88.7933652
401549743,2023,1,2023-09-02T21:00:00.000Z,TowneBank Stadium,Christopher Newport,Southern Virginia,45,0,Newport News,VA,36.9775016,-76.42977
401547031,2023,1,2023-09-02T22:00:00.000Z,Earl Kitchings Stadium,Edward Waters,Florida Memorial University,21,38,Jacksonville,FL,30.3321838,-81.655651
401541885,2023,1,2023-09-02T22:00:00.000Z,Alumni Memorial Stadium (NC),Livingstone,Bluefield State,7,41,Salisbury,NC,35.6709727,-80.4742261
401541023,2023,1,2023-09-02T22:00:00.000Z,Hubert Jack Stadium,Lock Haven University,Post University,58,7,Lock Haven,PA,41.1369077,-77.4471641
401541797,2023,1,2023-09-02T22:00:00.000Z,Mihalik-Thompson Stadium,Slippery Rock,Wayne State (MI),28,17,Slippery Rock,PA,41.0639506,-80.0564468
401531402,2023,1,2023-09-02T22:00:00.000Z,Jerry Richardson Stadium,Charlotte,South Carolina State,24,3,Charlotte,NC,35.3105033,-80.7401194
401539978,2023,1,2023-09-02T22:00:00.000Z,E. Claiborne Robins Stadium,Richmond,Morgan State,10,17,Richmond,VA,37.5807765,-77.5372211
401540698,2023,1,2023-09-02T22:00:00.000Z,Key Stadium,Indianapolis,Hillsdale,39,20,Indianapolis,IN,39.7683331,-86.1583502
401520154,2023,1,2023-09-02T22:00:00.000Z,Sanford Stadium,Georgia,UT Martin,48,7,Athens,GA,33.9498197,-83.3733813
401540565,2023,1,2023-09-02T22:00:00.000Z,Spec Martin Municipal Stadium,Stetson,St. Thomas University (Fl),34,33,DeLand,FL,29.0208575,-81.2993746
401544134,2023,1,2023-09-02T22:00:00.000Z,Valhalla Stadium,Berry College,Huntingdon College (AL),67,34,Mount Berry,GA,34.275093,-85.1832843
401547020,2023,1,2023-09-02T22:00:00.000Z,Helen and Leonard Moretz Stadium,Lenoir-Rhyne,St. Augustine's,45,7,Hickory,NC,35.7333312,-81.3442915
401547013,2023,1,2023-09-02T22:00:00.000Z,W.C. Hawkins Stadium,Allen,ERSKINE,24,17,Columbia,SC,34.0007493,-81.0343313
401531836,2023,1,2023-09-02T22:00:00.000Z,Allen E. Paulson Stadium,Georgia Southern,The Citadel,34,0,Statesboro,GA,32.4122471,-81.7849296
401531418,2023,1,2023-09-02T22:00:00.000Z,FAU Stadium,Florida Atlantic,Monmouth,42,20,Boca Raton,FL,26.3763763,-80.1015759
401540693,2023,1,2023-09-02T22:00:00.000Z,Charlie W. Johnson Stadium,Benedict College,Shaw,52,0,Columbia,SC,34.0007493,-81.0343313
401550150,2023,1,2023-09-02T22:00:00.000Z,Macholtz Stadium,Anderson (IN),Trine University,0,61,Anderson,IN,40.1053196,-85.6802541
401531838,2023,1,2023-09-02T22:00:00.000Z,Joan C. Edwards Stadium,Marshall,UAlbany,21,17,Huntington,WV,38.4247042,-82.4214412
401540027,2023,1,2023-09-02T22:00:00.000Z,Campus Field,Sacred Heart,Lafayette,14,19,Fairfield,CT,41.2212488,-73.2417431
401531837,2023,1,2023-09-02T22:00:00.000Z,Bridgeforth Stadium,James Madison,Bucknell,38,3,Harrisonburg,VA,38.4352919,-78.8729349
401540043,2023,1,2023-09-02T22:00:00.000Z,Jack Coffey Field,Fordham,Wagner,46,16,Bronx,NY,40.8466508,-73.8785937
401540115,2023,1,2023-09-02T22:00:00.000Z,Hornet Stadium,Alabama State,Southern,14,10,Sacramento,CA,38.5556718,-121.4229607
401540115,2023,1,2023-09-02T22:00:00.000Z,Hornet Stadium,Alabama State,Southern,14,10,Montgomery,AL,32.3642223,-86.2896902
401550046,2023,1,2023-09-02T22:00:00.000Z,Carl W. Burt Memorial Stadium,Manchester,North Park,0,27,North Manchester,IN,41.0006005,-85.768597
401523996,2023,1,2023-09-02T22:30:00.000Z,Los Angeles Memorial Coliseum,USC,Nevada,66,14,Los Angeles,CA,34.014167,-118.287778
401520153,2023,1,2023-09-02T22:30:00.000Z,FIU Stadium,Florida International,Maine,14,12,Miami,FL,25.7525014,-80.3778912
401544945,2023,1,2023-09-02T23:00:00.000Z,England Stadium,Illinois College,Millikin,31,0,Jacksonville,IL,39.7343037,-90.2288356
401549705,2023,1,2023-09-02T23:00:00.000Z,Carl Smith Stadium,UVA Wise,Union College,48,0,Wise,VA,36.9759345,-82.5757108
401520173,2023,1,2023-09-02T23:00:00.000Z,Kyle Field,Texas A&M,New Mexico,52,10,College Station,TX,30.6098891,-96.3403828
401547078,2023,1,2023-09-02T23:00:00.000Z,,LAKELAND,Savannah St,20,23,,,,
401550216,2023,1,2023-09-02T23:00:00.000Z,Pete FioRito Stadium at McKinzie Field,Eureka College,Knox College,41,16,Eureka,IL,40.7213015,-89.2726708
401549666,2023,1,2023-09-02T23:00:00.000Z,Warrior Field at Raabe Stadium,Wisconsin-Lutheran,Lake Forest College,0,24,Wauwatosa,WI,43.0494122,-88.0079271
401553015,2023,1,2023-09-02T23:00:00.000Z,Caparso Field,Anna Maria College,Westfield State,51,27,Paxton,MA,42.3122967,-71.934172
401525819,2023,1,2023-09-02T23:00:00.000Z,TDECU Stadium,Houston,UTSA,17,14,Houston,TX,29.7219885,-95.3491623
401540200,2023,1,2023-09-02T23:00:00.000Z,Braly Municipal Stadium,North Alabama,Chattanooga,41,27,Florence,AL,34.810914,-87.670587
401520175,2023,1,2023-09-02T23:00:00.000Z,Malone Stadium,UL Monroe,Army,17,13,Monroe,LA,32.5308089,-92.0660602
401550184,2023,1,2023-09-02T23:00:00.000Z,Macalester Stadium,Macalester,Minnesota Morris,44,30,Saint Paul,MN,44.9497487,-93.0931028
401531840,2023,1,2023-09-02T23:00:00.000Z,M. M. Roberts Stadium,Southern Miss,Alcorn State,40,14,Hattiesburg,MS,31.3289321,-89.3318118
401541864,2023,1,2023-09-02T23:00:00.000Z,Bazemore-Hyder Stadium,Valdosta State,Point University,63,10,Valdosta,GA,30.8327022,-83.2784851
401544125,2023,1,2023-09-02T23:00:00.000Z,Alumni Stadium (PA),Thiel,Case Western Reserve,0,14,Greenville,PA,31.8295972,-86.6177517
401531426,2023,1,2023-09-02T23:00:00.000Z,Simmons Bank Liberty Stadium,Memphis,Bethune-Cookman,56,14,Memphis,TN,35.1209429,-89.977147
401520178,2023,1,2023-09-02T23:00:00.000Z,FirstBank Stadium,Vanderbilt,Alabama A&M,47,13,Nashville,TN,36.1440455,-86.8088942
401540363,2023,1,2023-09-02T23:00:00.000Z,Roy Stewart Stadium,Murray State,Presbyterian,41,10,Murray,KY,36.6215165,-88.3175531
401525817,2023,1,2023-09-02T23:00:00.000Z,McLane Stadium,Baylor,Texas State,31,42,Waco,TX,31.5582015,-97.1156702
401551481,2023,1,2023-09-02T23:00:00.000Z,,Oklahoma Panhandle St,Southwest Baptist,7,65,,,,
401523990,2023,1,2023-09-02T23:00:00.000Z,Canvas Stadium,Colorado State,Washington State,24,50,Fort Collins,CO,40.570015,-105.088435
401531841,2023,1,2023-09-02T23:00:00.000Z,Veterans Memorial Stadium (AL),Troy,Stephen F. Austin,48,30,Troy,AL,31.7995565,-85.9518328
401540354,2023,1,2023-09-02T23:00:00.000Z,Husky Stadium,Houston Christian,Little Rock,66,0,Houston,TX,29.6949025,-95.5167353
401540354,2023,1,2023-09-02T23:00:00.000Z,Husky Stadium,Houston Christian,Little Rock,66,0,Saint Cloud,MN,45.5616075,-94.1642004
401540354,2023,1,2023-09-02T23:00:00.000Z,Husky Stadium,Houston Christian,Little Rock,66,0,Seattle,WA,47.6503235,-122.3015746
401525823,2023,1,2023-09-02T23:00:00.000Z,Boone Pickens Stadium,Oklahoma State,Central Arkansas,27,13,Stillwater,OK,36.125673,-97.066513
401540173,2023,1,2023-09-02T23:00:00.000Z,Saluki Stadium,Southern Illinois,Austin Peay,49,23,Carbondale,IL,37.708637,-89.216212
401541082,2023,1,2023-09-02T23:00:00.000Z,Cook Stadium,Rose-Hulman,Depauw,21,33,Terre Haute,IN,39.4667025,-87.4139119
401541063,2023,1,2023-09-02T23:00:00.000Z,Alumni Field (OH),Bluffton,Kenyon,51,35,Bluffton,OH,40.8934459,-83.8917849
401525821,2023,1,2023-09-02T23:00:00.000Z,Bill Snyder Family Stadium,Kansas State,Southeast Missouri State,45,0,Manhattan,KS,39.2020096,-96.5938395
401573283,2023,1,2023-09-02T23:00:00.000Z,Rock Bowl,Loras College,Benedictine University,42,41,Dubuque,IA,42.5006243,-90.6647985
401544935,2023,1,2023-09-02T23:00:00.000Z,Bill Buxton Stadium,Simpson College (IA),Augustana (IL),27,49,Indianola,IA,41.3604966,-93.5613292
401520155,2023,1,2023-09-02T23:30:00.000Z,"Memorial Stadium (Champaign, IL)",Illinois,Toledo,30,28,Champaign,IL,40.0993268,-88.2359569
401525825,2023,1,2023-09-02T23:30:00.000Z,War Memorial Stadium,Wyoming,Texas Tech,35,33,Laramie,WY,41.31161,-105.5681384
401520149,2023,1,2023-09-02T23:30:00.000Z,Bryant-Denny Stadium,Alabama,Middle Tennessee,56,7,Tuscaloosa,AL,33.2082752,-87.5503836
401550373,2023,1,2023-09-02T23:30:00.000Z,Reeves Field (PA),Geneva,Carnegie Mellon,0,31,Beaver Falls,PA,40.7520097,-80.3192295
401531839,2023,1,2023-09-02T23:30:00.000Z,Cajun Field,Louisiana,Northwestern State,38,13,Lafayette,LA,30.2158434,-92.0417371
401520169,2023,1,2023-09-02T23:30:00.000Z,Beaver Stadium,Penn State,West Virginia,38,15,University Park,PA,40.8121958,-77.8561023
401520167,2023,1,2023-09-02T23:30:00.000Z,Bank of America Stadium,North Carolina,South Carolina,31,17,Charlotte,NC,35.225833,-80.852778
401540980,2023,1,2023-09-03T00:00:00.000Z,Neta and Eddie DeRose ThunderBowl,CSU Pueblo,Midwestern State,37,8,Pueblo,CO,38.2544472,-104.609141
401525467,2023,1,2023-09-03T00:00:00.000Z,Lane Stadium,Virginia Tech,Old Dominion,36,17,Blacksburg,VA,37.2199873,-80.4180643
401531347,2023,1,2023-09-03T00:00:00.000Z,Yulman Stadium,Tulane,South Alabama,37,17,New Orleans,LA,29.944616,-90.116692
401540213,2023,1,2023-09-03T00:00:00.000Z,Cowboy Stadium,McNeese,Tarleton State,34,52,Lake Charles,LA,30.1804575,-93.2178729
401544898,2023,1,2023-09-03T00:00:00.000Z,Rex Stadium,Adams State,Lincoln (CA),35,16,Alamosa,CO,37.5780995,-105.7890452
401547140,2023,1,2023-09-03T00:00:00.000Z,Stoffer Family Stadium,NEWBERG,Howard Payne,3,17,Newberg,OR,45.300347,-122.972751
401541918,2023,1,2023-09-03T00:00:00.000Z,Ben Altamirano Field,Western New Mexico,Sul Ross State,42,28,Silver City,NM,32.7751371,-108.2754371
401547129,2023,1,2023-09-03T00:00:00.000Z,Walston-Hoover Stadium,Wartburg,Monmouth (IL),62,35,Waverly,IA,42.7258451,-92.4746033
401520166,2023,1,2023-09-03T01:00:00.000Z,Aggie Memorial Stadium,New Mexico State,Western Illinois,58,21,Las Cruces,NM,32.2796202,-106.7411148
401520177,2023,1,2023-09-03T01:00:00.000Z,Sun Bowl,UTEP,Incarnate Word,28,14,El Paso,TX,31.7733353,-106.507957
401523989,2023,1,2023-09-03T02:00:00.000Z,Arizona Stadium,Arizona,Northern Arizona,38,3,Tucson,AZ,32.2288054,-110.9488677
401550329,2023,1,2023-09-03T02:00:00.000Z,Hanson Stadium,Pacific (OR),Chapman,0,0,Forest Grove,OR,45.5197452,-123.1114405
401520152,2023,1,2023-09-03T02:15:00.000Z,LaVell Edwards Stadium,BYU,Sam Houston,14,0,Provo,UT,40.2575347,-111.6545247
401532571,2023,1,2023-09-03T02:30:00.000Z,Snapdragon Stadium,San Diego State,Idaho State,36,28,San Diego,CA,32.784444,-117.122833
401523995,2023,1,2023-09-03T02:30:00.000Z,Rose Bowl,UCLA,Coastal Carolina,27,13,Pasadena,CA,34.1613284,-118.1676462
401520171,2023,1,2023-09-03T16:00:00.000Z,SHI Stadium,Rutgers,Northwestern,24,7,Piscataway,NJ,40.5462553,-74.4660408
401540148,2023,1,2023-09-03T19:00:00.000Z,Hard Rock Stadium,Florida A&M,Jackson State,28,10,Miami Gardens,FL,25.9579665,-80.2388604
401532573,2023,1,2023-09-03T19:30:00.000Z,CEFCU Stadium,San José State,Oregon State,17,42,San Jose,CA,37.3196675,-121.8682962
401540667,2023,1,2023-09-03T20:00:00.000Z,Tom Benson Hall of Fame Stadium,Morehouse College,Virginia Union,13,45,Canton,OH,40.7985464,-81.3749508
401547061,2023,1,2023-09-03T23:00:00.000Z,Cramton Bowl,Tuskegee,Fort Valley State,37,31,Montgomery,AL,32.37949,-86.293002
401520182,2023,1,2023-09-03T23:30:00.000Z,Camping World Stadium,Florida State,LSU,45,24,Orlando,FL,28.539167,-81.402778
401525468,2023,1,2023-09-05T00:00:00.000Z,Wallace Wade Stadium,Duke,Clemson,28,7,Durham,NC,35.9953688,-78.9417564
401545752,2023,2,2023-09-07T22:00:00.000Z,Multi-Sport Performance Stadium,Alderson-Broaddus,Glenville State,0,0,Philippi,WV,39.1523198,-80.0403578
401544918,2023,2,2023-09-07T23:00:00.000Z,Meares Stadium,Mars Hill,Wingate,15,10,Mars Hill,NC,35.82685585,-82.55057686987725
401541791,2023,2,2023-09-07T23:00:00.000Z,Koi Ishto Stadium,East Central (OK),Southern Arkansas,17,24,Ada,OK,34.7743383,-96.6783651
401541959,2023,2,2023-09-07T23:00:00.000Z,Yager Stadium at Moore Bowl,Washburn,Missouri Southern State,23,30,Topeka,KS,39.049011,-95.677556
401525469,2023,2,2023-09-07T23:30:00.000Z,L&N Federal Credit Union Stadium,Louisville,Murray State,56,0,Louisville,KY,38.2057621,-85.7588141
401541950,2023,2,2023-09-08T00:00:00.000Z,Lewis Field Stadium,Fort Hays State,Pittsburg St,14,40,Hays,KS,38.8791783,-99.3267702
401544876,2023,2,2023-09-08T00:00:00.000Z,Bearcat Stadium,Northwest Missouri St,Emporia State University,13,33,Maryville,MO,40.3460468,-94.8723858
401551516,2023,2,2023-09-08T23:00:00.000Z,"Alumni Field (Westfield, MA)",Westfield State,Western New England,0,46,Westfield,MA,42.1390327,-72.7584859
401540397,2023,2,2023-09-08T23:00:00.000Z,Richardson Stadium,Davidson,Wilson,31,33,Davidson,NC,35.4995744,-80.8428419
401552466,2023,2,2023-09-08T23:00:00.000Z,Edward C. Swenson Athletic Complex,Bridgewater State,Worcester Polytechnic Institute,21,24,Bridgewater,MA,41.9903787,-70.9750426
401564630,2023,2,2023-09-08T23:00:00.000Z,Shadek Stadium,Franklin & Marshall,College Of New Jersey,0,0,Lancaster,PA,40.03813,-76.3056686
401550120,2023,2,2023-09-08T23:00:00.000Z,Clean Harbors Stadium,Mass Maritime,SUNY Maritime,7,14,Buzzards Bay,MA,41.745383,-70.618087
401520193,2023,2,2023-09-08T23:00:00.000Z,"Memorial Stadium (Bloomington, IN)",Indiana,Indiana State,41,7,Bloomington,IN,39.1808959,-86.5256217
401540548,2023,2,2023-09-08T23:00:00.000Z,Meade Stadium,Rhode Island,Stony Brook,35,14,Kingston,RI,41.4879984,-71.5347458
401549623,2023,2,2023-09-08T23:00:00.000Z,Leckonby Stadium,St. Lawrence,Norwich,14,7,Canton,NY,44.5956163,-75.1690942
401520195,2023,2,2023-09-08T23:30:00.000Z,Memorial Stadium,Kansas,Illinois,34,23,Terre Haute,IN,39.4746858,-87.3669599
401520195,2023,2,2023-09-08T23:30:00.000Z,Memorial Stadium,Kansas,Illinois,34,23,Lawrence,KS,38.9629418,-95.2463686
401520195,2023,2,2023-09-08T23:30:00.000Z,Memorial Stadium,Kansas,Illinois,34,23,Columbia,MO,38.9358491,-92.3332009
401545735,2023,2,2023-09-09T04:00:00.000Z,West Family Stadium,West Liberty,Fairmont State,29,42,Wheeling,WV,40.0639616,-80.7209149
401564661,2023,2,2023-09-09T04:00:00.000Z,Toppa Field,Salve Regina,Framingham State,29,0,Newport,RI,41.4899827,-71.3137707
401550050,2023,2,2023-09-09T15:00:00.000Z,Knox Stadium,Juniata College,Alfred University,0,34,Huntingdon,PA,40.4847959,-78.0102813
401520216,2023,2,2023-09-09T15:00:00.000Z,Allegacy Federal Credit Union Stadium,Wake Forest,Vanderbilt,36,20,Winston-Salem,NC,36.1305507,-80.2545851
401549706,2023,2,2023-09-09T16:00:00.000Z,BB&T Field at Griffin Plaza,Thomas More College,UVA Wise,37,0,Crestview Hills,KY,,
401520191,2023,2,2023-09-09T16:00:00.000Z,Sanford Stadium,Georgia,Ball State,45,3,Athens,GA,33.9498197,-83.3733813
401544955,2023,2,2023-09-09T16:00:00.000Z,Schueler Field,Mount St. Joseph,Hiram College,62,21,Cincinnati,OH,39.1014537,-84.5124602
401525436,2023,2,2023-09-09T16:00:00.000Z,Carter-Finley Stadium,NC State,Notre Dame,24,45,Raleigh,NC,35.8008001,-78.7195655
401520185,2023,2,2023-09-09T16:00:00.000Z,Michie Stadium,Army,Delaware State,57,0,West Point,NY,41.3874924,-73.9640891
401523999,2023,2,2023-09-09T16:00:00.000Z,McLane Stadium,Baylor,Utah,13,20,Waco,TX,31.5582015,-97.1156702
401545861,2023,2,2023-09-09T16:00:00.000Z,Adamson Stadium,PennWest California,Kutztown University,31,20,Brownsville,PA,40.0236854,-79.8839357
401525490,2023,2,2023-09-09T16:00:00.000Z,"Alumni Stadium (Chestnut Hill, MA)",Boston College,Holy Cross,31,28,Chestnut Hill,MA,42.335104,-71.1664413
401525829,2023,2,2023-09-09T16:00:00.000Z,Bill Snyder Family Stadium,Kansas State,Troy,42,13,Manhattan,KS,39.2020096,-96.5938395
401525498,2023,2,2023-09-09T16:00:00.000Z,Scott Stadium,Virginia,James Madison,35,36,Charlottesville,VA,38.0311801,-78.5137897
401541856,2023,2,2023-09-09T16:00:00.000Z,Barron Stadium,Shorter,ERSKINE,28,7,Rome,GA,34.257038,-85.1646726
401520215,2023,2,2023-09-09T16:00:00.000Z,Lane Stadium,Virginia Tech,Purdue,17,24,Blacksburg,VA,37.2199873,-80.4180643
401553009,2023,2,2023-09-09T16:00:00.000Z,Gene L. Shirk Stadium,Albright,Delaware Valley,10,41,Reading,PA,40.335345,-75.9279495
401549753,2023,2,2023-09-09T16:00:00.000Z,"Memorial Stadium (Westerville, OH)",Otterbein,Muskingum University,14,27,Westerville,OH,40.126139,-82.9295287
401554817,2023,2,2023-09-09T16:00:00.000Z,Mangelsdorf Field,Misericordia,Kings College (PA),10,42,Dallas,PA,32.3117968,-87.1046643
401520208,2023,2,2023-09-09T16:00:00.000Z,Ohio Stadium,Ohio State,Youngstown State,35,7,Columbus,OH,40.0016447,-83.0197266
401551511,2023,2,2023-09-09T16:00:00.000Z,Dale Lippert Field,Dean College,Nichols College,7,70,Franklin,MA,34.440962,-87.8339064
401541811,2023,2,2023-09-09T16:00:00.000Z,Pace Stadium,Pace,Findlay,25,40,Pleasantville,NY,41.1328736,-73.7926335
401541013,2023,2,2023-09-09T16:00:00.000Z,McConnell Family Stadium,Gannon,Millersville,21,28,Erie,PA,42.1294712,-80.0852695
401549588,2023,2,2023-09-09T16:00:00.000Z,Hempstead Stadium,Endicott College,Ithaca College,17,20,Beverly,MA,42.5584284,-70.8800491
401520188,2023,2,2023-09-09T16:00:00.000Z,Folsom Field,Colorado,Nebraska,36,14,Boulder,CO,40.0094746,-105.266905
401541102,2023,2,2023-09-09T16:00:00.000Z,Stagg Field,Springfield,Husson,45,20,Springfield,MA,42.1018764,-72.5886727
401549616,2023,2,2023-09-09T16:00:00.000Z,ECAV Stadium,Rensselaer,Wilkes,38,14,Troy,NY,42.7284117,-73.6917878
401541873,2023,2,2023-09-09T16:00:00.000Z,The Reservation,Limestone,West Alabama,13,27,Gaffney,SC,35.0717945,-81.6498195
401547205,2023,2,2023-09-09T16:00:00.000Z,Charles L. Currier Memorial Field,Plymouth State,Biddeford,21,31,Plymouth,NH,43.757209,-71.688538
401605489,2023,2,2023-09-09T16:00:00.000Z,Tomlinson Stadium,Central Washington,Montana Tech,29,37,Ellensburg,WA,46.9970635,-120.545122
401545964,2023,2,2023-09-09T16:00:00.000Z,Offutt Field,Seton Hill,Shippensburg,28,23,Greensburg,PA,40.3014581,-79.5389289
401545783,2023,2,2023-09-09T16:00:00.000Z,Jess Dow Field,Southern Connecticut State,Assumption,29,42,New Haven,CT,41.3082138,-72.9250518
401549630,2023,2,2023-09-09T16:00:00.000Z,Scotty Wood Stadium,Muhlenberg,Salisbury,29,17,Allentown,PA,40.6022059,-75.4712794
401520209,2023,2,2023-09-09T16:00:00.000Z,Beaver Stadium,Penn State,Delaware,63,7,University Park,PA,40.8121958,-77.8561023
401540004,2023,2,2023-09-09T16:00:00.000Z,Arute Field,Central Connecticut,Stonehill,30,33,New Britain,CT,41.6950591,-72.7616197
401549722,2023,2,2023-09-09T16:00:00.000Z,Cadet Memorial Field,Coast Guard,Anna Maria College,93,24,New London,CT,41.3556187,-72.0997804
401540650,2023,2,2023-09-09T16:00:00.000Z,Farmers Insurance Athletic Complex,Davenport,Bowie State,24,19,Caledonia,MI,37.763382,-90.7729061
401545892,2023,2,2023-09-09T16:00:00.000Z,Sox Harrison Stadium,Edinboro University,Shepherd,28,35,Edinboro,PA,41.8742225,-80.1317236
401545760,2023,2,2023-09-09T16:00:00.000Z,Mueller Field,Notre Dame College,West Virginia Wesleyan,87,9,South Euclid,OH,41.5231076,-81.5184553
401540028,2023,2,2023-09-09T16:30:00.000Z,Cooper Field,Georgetown,Sacred Heart,27,10,Washington,DC,38.9080248,-77.0753144
401544872,2023,2,2023-09-09T17:00:00.000Z,Rocky Mount Athletic Complex,Elizabeth City State,St. Augustine's,13,0,Rocky Mount,NC,35.9423833,-77.7956949
401544052,2023,2,2023-09-09T17:00:00.000Z,Charles A. Gaetano Stadium,Utica,Moravian,35,20,Utica,NY,43.1009031,-75.2326641
401541839,2023,2,2023-09-09T17:00:00.000Z,Garrison Stadium,Chowan,Delta State,18,42,Murfreesboro,TN,36.434053,-77.098431
401541886,2023,2,2023-09-09T17:00:00.000Z,Mitchell Stadium,Bluefield State,Emory & Henry College,14,37,Bluefield,WV,37.2698395,-81.2223195
401547115,2023,2,2023-09-09T17:00:00.000Z,Ray and Sue Smith Stadium,Hope College,Loras College,42,28,Holland,MI,42.7876022,-86.1090828
401544116,2023,2,2023-09-09T17:00:00.000Z,Gesling Stadium,Carnegie Mellon,Saint Vincent,38,0,Pittsburgh,PA,40.4416941,-79.9900861
401525494,2023,2,2023-09-09T17:00:00.000Z,Bobby Dodd Stadium,Georgia Tech,South Carolina State,48,13,Atlanta,GA,33.7724449,-84.3928054
401545744,2023,2,2023-09-09T17:00:00.000Z,Bishop Schmitt Field,Wheeling,Frostburg State,16,20,Wheeling,WV,40.0639616,-80.7209149
401540785,2023,2,2023-09-09T17:00:00.000Z,Sherman Field,Michigan Tech,Hillsdale,45,20,Houghton,MI,46.8591287,-88.7774734
401541111,2023,2,2023-09-09T17:00:00.000Z,Day Field,Randolph-Macon,Catholic,59,14,Ashland,VA,37.7594012,-77.4806603
401540685,2023,2,2023-09-09T17:00:00.000Z,Irwin Belk Complex,Johnson C Smith,Walsh,9,14,Charlotte,NC,35.2272086,-80.8430827
401540795,2023,2,2023-09-09T17:00:00.000Z,Superior Dome,Northern Michigan,Lake Erie,21,24,Marquette,MI,46.560589,-87.393741
401545973,2023,2,2023-09-09T17:00:00.000Z,Plaster Sports Complex,Southwest Baptist,Black Hills State,33,39,Springfield,MO,37.1976229,-93.2798119
401544070,2023,2,2023-09-09T17:00:00.000Z,Docking Stadium,Adrian,Defiance College,17,34,Adrian,MI,41.8975152,-84.0373054
401544061,2023,2,2023-09-09T17:00:00.000Z,Leslie C. Quick Jr. Stadium,Widener,FDU-Florham,30,20,Chester,PA,39.849557,-75.3557458
401544881,2023,2,2023-09-09T17:00:00.000Z,MDU Resources Community Bowl,University of Mary,Sioux Falls,17,36,Bismarck,ND,46.808327,-100.783739
401541083,2023,2,2023-09-09T17:00:00.000Z,Blackstock Stadium,Depauw,Anderson (IN),68,19,Greencastle,IN,39.6444898,-86.8647316
401541636,2023,2,2023-09-09T17:00:00.000Z,Butler Bowl,Butler,Taylor,41,13,Indianapolis,IN,39.8444694,-86.1659242
401540738,2023,2,2023-09-09T17:00:00.000Z,Stokes Stadium,Truman State,South Dakota Mines,28,24,Kirksville,MO,40.1948848,-92.5833939
401540729,2023,2,2023-09-09T17:00:00.000Z,Tom Adams Field,Wayne State (MI),Missouri S&T,31,24,Detroit,MI,42.3315509,-83.0466403
401541054,2023,2,2023-09-09T17:00:00.000Z,Boswell Field at David J. Urick Stadium,Hobart College,SUNY Morrisville,27,10,Geneva,NY,42.8690271,-76.9786122
401540465,2023,2,2023-09-09T17:00:00.000Z,Welcome Stadium,Dayton,Central State (OH),62,24,Dayton,OH,39.7369239,-84.1981068
401541093,2023,2,2023-09-09T17:00:00.000Z,John P. Papp Stadium,Wooster,Olivet College,24,22,Wooster,OH,40.7980976,-81.9397733
401544126,2023,2,2023-09-09T17:00:00.000Z,Memorial Field (PA),Westminster (PA),Thiel,28,7,New Wilmington,PA,41.1222812,-80.3328428
401550436,2023,2,2023-09-09T17:00:00.000Z,Blue Jay Stadium,Westminster College (MO),Sewanee,14,32,Fulton,MO,38.8467082,-91.9479586
401558398,2023,2,2023-09-09T17:00:00.000Z,Municipal Stadium,Post University,Lincoln (PA),32,48,Waterbury,CT,,
401558398,2023,2,2023-09-09T17:00:00.000Z,Municipal Stadium,Post University,Lincoln (PA),32,48,Daytona Beach,FL,29.173466,-81.117511
401550283,2023,2,2023-09-09T17:00:00.000Z,Selby Stadium,Ohio Wesleyan,Wisconsin-River Falls,10,37,Delaware,OH,40.2986724,-83.067965
401554815,2023,2,2023-09-09T17:00:00.000Z,Coyer Field,Buffalo State,Apprentice School,23,37,Buffalo,NY,42.8867166,-78.8783922
401553861,2023,2,2023-09-09T17:00:00.000Z,Biddle Field,Dickinson (PA),William Paterson,29,17,Carlisle,PA,40.201499,-77.1890783
401552448,2023,2,2023-09-09T17:00:00.000Z,Patterson Field,Ursinus,Kean,30,14,Collegeville,PA,40.1856597,-75.451571
401550395,2023,2,2023-09-09T17:00:00.000Z,Bison Stadium,Bethany (WV),Washington & Jefferson,7,42,Bethany,WV,40.205627,-80.5567384
401549711,2023,2,2023-09-09T17:00:00.000Z,Alumni Stadium (KY),Kentucky State,Tuskegee,10,36,Frankfort,KY,38.2009055,-84.8732836
401541121,2023,2,2023-09-09T17:00:00.000Z,Francis Field (IL),Greenville,Eureka College,14,23,Greenville,IL,38.8922687,-89.4131356
401552993,2023,2,2023-09-09T17:00:00.000Z,Shirk Field at Musselman Stadium,Gettysburg,Montclair State,21,32,Gettysburg,PA,39.8308973,-77.231012
401550316,2023,2,2023-09-09T17:00:00.000Z,Knight Stadium,Southern Virginia,Bridgewater (VA),9,35,Buena Vista,VA,37.7342962,-79.3539292
401549731,2023,2,2023-09-09T17:00:00.000Z,Brooks Stadium (NY),Merchant Marine Academy,Gallaudet,30,13,Kings Point,NY,40.8197813,-73.7351337
401552997,2023,2,2023-09-09T17:00:00.000Z,Growney Stadium,St John Fisher University,Hilbert College,62,7,Rochester,NY,43.157285,-77.615214
401551930,2023,2,2023-09-09T17:00:00.000Z,Wright Stadium,Hartwick,Keystone,31,21,Oneonta,NY,42.453492,-75.0629531
401547181,2023,2,2023-09-09T17:00:00.000Z,Jackson Field,Sul Ross State,Eastern New Mexico,12,51,Alpine,TX,30.3573802,-103.6609367
401550392,2023,2,2023-09-09T17:00:00.000Z,John F. Wiley Stadium,Waynesburg,Grove City College,27,43,Waynesburg,PA,39.8964641,-80.1792299
401545836,2023,2,2023-09-09T17:00:00.000Z,Scheels Field at Nemzek Stadium,Minnesota State Moorhead,Minot State,56,14,Moorhead,MN,46.8739081,-96.7538674
401550146,2023,2,2023-09-09T17:00:00.000Z,McBride Field,Kenyon,Kalamazoo,16,48,Gambier,OH,40.375643,-82.3970994
401550110,2023,2,2023-09-09T17:00:00.000Z,Mustang Stadium,Stevenson,Lebanon Valley,38,45,Stevenson,MD,39.4102772,-76.7128314
401550057,2023,2,2023-09-09T17:00:00.000Z,David Person Field,Lycoming,Cortland,7,62,Williamsport,PA,41.2493292,-77.0027671
401550026,2023,2,2023-09-09T17:00:00.000Z,Frank B. Fuhrer Field,Allegheny,Geneva,21,27,Meadville,PA,41.641445,-80.151449
401549571,2023,2,2023-09-09T17:00:00.000Z,John Coughlin Memorial Field,Worcester St,Union (NY),0,63,Worcester,MA,42.2625621,-71.8018877
401549818,2023,2,2023-09-09T17:00:00.000Z,Amos Alonzo Stagg Field (PA),Susquehanna,Brockport,6,5,Selinsgrove,PA,40.8062437,-76.8607084
401550194,2023,2,2023-09-09T17:00:00.000Z,Kenneth R. Gill Stadium,McDaniel College,Rowan,28,49,Westminster,MD,39.5752639,-76.9959277
401549811,2023,2,2023-09-09T17:00:00.000Z,Lewis C. Everett Stadium,Hampden-Sydney,Brevard College,31,17,Farmville,VA,37.3024713,-78.3923813
401540553,2023,2,2023-09-09T17:00:00.000Z,Bailey Memorial Stadium,Presbyterian,Virginia University Of Lynchburg,48,17,Clinton,SC,34.46158,-81.861368
401540668,2023,2,2023-09-09T17:00:00.000Z,George Williams Athletic Complex,Shaw,Virginia Union,13,26,Raleigh,NC,35.7803977,-78.6390989
401541002,2023,2,2023-09-09T17:00:00.000Z,"Memorial Stadium (Clarion, PA)",Clarion,Bloomsburg,7,21,Clarion,PA,41.2148975,-79.3857047
401550086,2023,2,2023-09-09T17:30:00.000Z,"Stewart """"Red"""" Faught Stadium",Franklin,Aurora,30,45,Franklin,IN,33.704156,-117.75109
401532396,2023,2,2023-09-09T17:30:00.000Z,Kelly/Shorts Stadium,Central Michigan,New Hampshire,45,42,Mount Pleasant,MI,43.5777313,-84.7709904
401550261,2023,2,2023-09-09T17:30:00.000Z,Dial-Roberson Stadium,Ohio Northern,Capital,40,7,Ada,OH,38.8398935,-83.5051704
401544991,2023,2,2023-09-09T17:30:00.000Z,George Finnie Stadium,Baldwin Wallace,Wilmington (OH),61,25,Berea,OH,41.3661614,-81.8543026
401549682,2023,2,2023-09-09T18:00:00.000Z,Sam Greeley Field,Rockford,St. Scholastica,38,37,Rockford,IL,42.2713945,-89.093966
401540441,2023,2,2023-09-09T18:00:00.000Z,DakotaDome,South Dakota,St. Thomas (MN),24,0,Vermillion,SD,42.7911218,-96.9278427
401544078,2023,2,2023-09-09T18:00:00.000Z,Rosenbloom Field,Grinnell,Ripon,12,31,Grinnell,IA,41.7430237,-92.7239637
401547091,2023,2,2023-09-09T18:00:00.000Z,Tucci Stadium,Illinois Wesleyan,Central College,13,38,Bloomington,IL,40.4797828,-88.9939147
401545820,2023,2,2023-09-09T18:00:00.000Z,Altra Federal Credit Union Stadium,Winona State,Concordia University St Paul,33,8,Winona,MN,43.9582272,-91.7807784
401547132,2023,2,2023-09-09T18:00:00.000Z,Crain Field,Rhodes College,Austin,19,17,Memphis,TN,35.1335022,-89.9668758
401547100,2023,2,2023-09-09T18:00:00.000Z,Clark Field,Coe College,Wisconsin-Eau Claire,44,14,Cedar Rapids,IA,41.9758872,-91.6704053
401540659,2023,2,2023-09-09T18:00:00.000Z,Rogers Stadium (VA),Virginia St,Greeneville,21,17,Petersburg,VA,37.227928,-77.4019268
401547176,2023,2,2023-09-09T18:00:00.000Z,Harper Davis Field,Millsaps,McMurry,2,53,Jackson,MS,32.2990021,-90.1847691
401541130,2023,2,2023-09-09T18:00:00.000Z,McCully Stadium,Wheaton,Wisconsin-Oshkosh,30,21,Wheaton,IL,41.8646959,-88.1101709
401541073,2023,2,2023-09-09T18:00:00.000Z,Laird Stadium,Carleton,Pomona Pitzer,45,24,Northfield,MN,44.4582041,-93.161159
401541827,2023,2,2023-09-09T18:00:00.000Z,Liberty North High School,William Jewell,Kentucky Wesleyan,34,41,Liberty,MO,,
401547054,2023,2,2023-09-09T18:00:00.000Z,CAU Panther Stadium,Clark Atlanta,Fort Valley State,17,40,Atlanta,GA,33.7489924,-84.3902644
401541919,2023,2,2023-09-09T18:00:00.000Z,Sanchez Family Stadium,New Mexico Highlands,Western New Mexico,48,41,Las Vegas,NM,35.5939325,-105.2238969
401540709,2023,2,2023-09-09T18:00:00.000Z,Leemon Field,McKendree,West Florida,3,35,Lebanon,IL,38.6039375,-89.8073195
401541929,2023,2,2023-09-09T18:00:00.000Z,Audrey J. Walton Stadium at Vernon Kennedy Field,Central Missouri,Central Oklahoma,41,17,Warrensburg,MO,38.7624373,-93.7409596
401552395,2023,2,2023-09-09T18:00:00.000Z,Elliott Field at Don Beebe Stadium,Chadron St,Augustana University (SD),3,27,Chadron,NE,42.8309807,-103.0003729
401550367,2023,2,2023-09-09T18:00:00.000Z,Lloyd L. Thornton Stadium,Maryville College (TN),Centre College Kentucky,34,23,Maryville,TN,35.7564719,-83.9704593
401550411,2023,2,2023-09-09T18:00:00.000Z,Royal Stadium,Bethel (MN),Wartburg,2,16,Arden Hills,MN,45.0761409,-93.1666945
401550415,2023,2,2023-09-09T18:00:00.000Z,Veterans Memorial Stadium (WI),Wisconsin-Lacrosse,Hardin-Simmons,21,28,La Crosse,WI,43.8122836,-91.2514355
401550452,2023,2,2023-09-09T18:00:00.000Z,Don and Nona Williams Stadium,Wisconsin-Stout,Dickinson State University,21,24,Menomonie,WI,44.8755183,-91.9193422
401550188,2023,2,2023-09-09T18:00:00.000Z,Perkins Stadium,Wisconsin-Whitewater,Saint John's (MN),56,28,Whitewater,WI,42.8336422,-88.7292679
401550213,2023,2,2023-09-09T18:00:00.000Z,April Zorn Memorial Stadium,Monmouth (IL),Chicago,39,6,Monmouth,IL,40.9127103,-90.6472477
401549673,2023,2,2023-09-09T18:00:00.000Z,Austin E. Knowlton Athletics Complex,Oberlin,Concordia University Chicago,37,35,Oberlin,OH,41.2939386,-82.2173786
401550230,2023,2,2023-09-09T18:00:00.000Z,Reynolds Field,Northwestern (MN),Concordia-Wisconsin,26,10,Roseville,MN,45.0060767,-93.1566107
401549651,2023,2,2023-09-09T18:00:00.000Z,Harley Knosher Bowl,Knox College,Beloit,31,14,Galesburg,IL,40.9475652,-90.3712169
401550201,2023,2,2023-09-09T18:00:00.000Z,Van Metre Field at Ash Park,Cornell College (IA),Lawrence University,31,7,Mount Vernon,IA,41.9222443,-91.4171209
401549628,2023,2,2023-09-09T18:00:00.000Z,Old National Bank Stadium,Crown College,Simpson College (IA),46,48,Saint Bonifacius,MN,,
401547126,2023,2,2023-09-09T18:00:00.000Z,Abel Stadium,Nebraska Wesleyan,Mayville State,33,30,Lincoln,NE,40.8088861,-96.7077751
401549690,2023,2,2023-09-09T18:00:00.000Z,QU Stadium,Quincy,Madonna University (Mich.),89,0,Quincy,IL,39.9356016,-91.4098727
401550244,2023,2,2023-09-09T18:00:00.000Z,Community Stadium at Goerke Park,Wisconsin-Stevens Pt,St. Norbert,31,28,Stevens Point,WI,44.5229223,-89.574111
401549768,2023,2,2023-09-09T18:00:00.000Z,MLC Bowl,Martin Luther,Macalester,27,56,New Ulm,MN,44.3140261,-94.4614177
401549659,2023,2,2023-09-09T18:00:00.000Z,England Stadium,Illinois College,Lake Forest College,6,37,Jacksonville,IL,39.7343037,-90.2288356
401532400,2023,2,2023-09-09T18:00:00.000Z,Doyt L. Perry Stadium,Bowling Green,Eastern Illinois,38,15,Bowling Green,OH,41.3780114,-83.6225
401525491,2023,2,2023-09-09T18:15:00.000Z,"Memorial Stadium (Clemson, SC)",Clemson,Charleston Southern,66,17,Clemson,SC,34.6787737,-82.8432428
401540625,2023,2,2023-09-09T18:30:00.000Z,E. J. Whitmire Stadium,Western Carolina,Samford,30,7,Cullowhee,NC,35.3048352,-83.1818148
401525828,2023,2,2023-09-09T19:00:00.000Z,LaVell Edwards Stadium,BYU,Southern Utah,41,16,Provo,UT,40.2575347,-111.6545247
401541906,2023,2,2023-09-09T19:00:00.000Z,Mountaineer Bowl,Western Colorado,UT Permian Basin,35,27,Gunnison,CO,38.6476702,-107.0603126
401540312,2023,2,2023-09-09T19:00:00.000Z,Johnson Hagood Stadium,The Citadel,Campbell,7,56,Charleston,SC,32.7936975,-79.9558183
401520196,2023,2,2023-09-09T19:00:00.000Z,Kroger Field,Kentucky,Eastern Kentucky,28,17,Lexington,KY,38.0220905,-84.5053408
401547120,2023,2,2023-09-09T19:00:00.000Z,Legacy Field in Carlson Stadium,Luther,St. Olaf,21,52,Decorah,IA,43.3041609,-91.7859098
401550062,2023,2,2023-09-09T19:00:00.000Z,Elliot Field Athletic Complex,Fitchburg State,Castleton,3,32,Fitchburg,MA,42.5903661,-71.8119837
401520194,2023,2,2023-09-09T19:30:00.000Z,Jack Trice Stadium,Iowa State,Iowa,13,20,Ames,IA,42.0139977,-93.6357716
401532397,2023,2,2023-09-09T19:30:00.000Z,Huskie Stadium,Northern Illinois,Southern Illinois,11,14,DeKalb,IL,41.9339586,-88.7778357
401520214,2023,2,2023-09-09T19:30:00.000Z,Yulman Stadium,Tulane,Ole Miss,20,37,New Orleans,LA,29.944616,-90.116692
401520203,2023,2,2023-09-09T19:30:00.000Z,Spartan Stadium,Michigan State,Richmond,45,14,East Lansing,MI,42.7281474,-84.4848526
401532398,2023,2,2023-09-09T19:30:00.000Z,Glass Bowl,Toledo,Texas Southern,71,3,Toledo,OH,41.6574777,-83.6135652
401520201,2023,2,2023-09-09T19:30:00.000Z,Hard Rock Stadium,Miami,Texas A&M,48,33,Miami Gardens,FL,25.9579665,-80.2388604
401525497,2023,2,2023-09-09T19:30:00.000Z,JMA Wireless Dome,Syracuse,Western Michigan,48,7,Syracuse,NY,43.0362269,-76.1363161
401520207,2023,2,2023-09-09T19:30:00.000Z,Ryan Field,Northwestern,UTEP,38,7,Evanston,IL,42.0653994,-87.6924751
401526833,2023,2,2023-09-09T19:30:00.000Z,Warren McGuirk Alumni Stadium,Massachusetts,Miami (OH),28,41,Hadley,MA,42.3773244,-72.5360595
401531395,2023,2,2023-09-09T19:30:00.000Z,Alamodome,UTSA,Texas State,20,13,San Antonio,TX,29.4169834,-98.4788143
401520202,2023,2,2023-09-09T19:30:00.000Z,Michigan Stadium,Michigan,UNLV,35,7,Ann Arbor,MI,42.2658365,-83.7486956
401531432,2023,2,2023-09-09T19:30:00.000Z,Navy-Marine Corps Memorial Stadium,Navy,Wagner,24,0,Annapolis,MD,38.9846985,-76.5076335
401540383,2023,2,2023-09-09T19:30:00.000Z,Fargodome,North Dakota State,Maine,44,7,Fargo,ND,46.9029938,-96.8003251
401551486,2023,2,2023-09-09T19:30:00.000Z,Panther Stadium (OH),Ohio Dominican,Winston-Salem,26,14,Columbus,OH,39.9622601,-83.0007065
401540970,2023,2,2023-09-09T19:30:00.000Z,Grappone Stadium,St. Anselm,Tiffin,7,42,Manchester,NH,42.9956397,-71.4547891
401550470,2023,2,2023-09-09T20:00:00.000Z,Hanson Stadium,Pacific (OR),NEWBERG,9,14,Forest Grove,OR,45.5197452,-123.1114405
401531411,2023,2,2023-09-09T20:00:00.000Z,Dowdy-Ficklen Stadium,East Carolina,Marshall,13,31,Greenville,NC,35.5968486,-77.364564
401550168,2023,2,2023-09-09T20:00:00.000Z,Jake Christiansen Stadium,Concordia Moorhead,Pacific Lutheran,26,21,Moorhead,MN,46.8739081,-96.7538674
401553972,2023,2,2023-09-09T20:00:00.000Z,Harms-Eischeid Stadium,Upper Iowa University,St Ambrose University  Iowa,45,26,Fayette,IA,42.8420766,-91.850265
401544087,2023,2,2023-09-09T20:00:00.000Z,,Eastern Oregon,Whitworth,28,42,,,,
401547032,2023,2,2023-09-09T20:00:00.000Z,Earl Kitchings Stadium,Edward Waters,Benedict College,0,34,Jacksonville,FL,30.3321838,-81.655651
401550875,2023,2,2023-09-09T20:00:00.000Z,Griswold Stadium,Lewis & Clark College,Willamette,38,7,Portland,OR,45.5202471,-122.6741949
401540272,2023,2,2023-09-09T20:00:00.000Z,Alerus Center,North Dakota,Northern Arizona,37,22,Grand Forks,ND,47.910622,-97.090996
401540100,2023,2,2023-09-09T20:00:00.000Z,Hanson Field,Western Illinois,Illinois State,18,34,Macomb,IL,40.4683928,-90.6841248
401540079,2023,2,2023-09-09T20:00:00.000Z,Duane Stadium,Merrimack,Lehigh,12,14,North Andover,MA,42.6839894,-71.1127065
401540558,2023,2,2023-09-09T20:00:00.000Z,Torero Stadium,San Diego,Colorado Mesa,21,28,San Diego,CA,32.7730674,-117.183721
401532580,2023,2,2023-09-09T20:00:00.000Z,War Memorial Stadium,Wyoming,Portland State,31,17,Laramie,WY,41.31161,-105.5681384
401540141,2023,2,2023-09-09T20:00:00.000Z,Municipal Stadium,Bethune-Cookman,Savannah St,31,6,Waterbury,CT,,
401540141,2023,2,2023-09-09T20:00:00.000Z,Municipal Stadium,Bethune-Cookman,Savannah St,31,6,Daytona Beach,FL,29.173466,-81.117511
401520184,2023,2,2023-09-09T20:00:00.000Z,Razorback Stadium,Arkansas,Kent State,28,6,Fayetteville,AR,36.0680662,-94.1789534
401532578,2023,2,2023-09-09T20:00:00.000Z,CEFCU Stadium,San José State,Cal Poly,59,3,San Jose,CA,37.3196675,-121.8682962
401544890,2023,2,2023-09-09T20:00:00.000Z,George P. Miller Stadium,Indiana-Pennsylvania,East Stroudsburg University,12,13,Indiana,PA,40.6214551,-79.1525349
401540279,2023,2,2023-09-09T20:00:00.000Z,Nottingham Field,Northern Colorado,Incarnate Word,7,42,Greeley,CO,40.403493,-104.705139
401541926,2023,2,2023-09-09T20:05:00.000Z,McArthur Field,Western Oregon,Lincoln (CA),29,14,Monmouth,OR,44.8486414,-123.2290777
401550080,2023,2,2023-09-09T21:00:00.000Z,Cressy Field,UMass Dartmouth,Curry College,28,14,Dartmouth,MA,41.6332267,-70.9879928
401531844,2023,2,2023-09-09T21:00:00.000Z,Hancock Whitney Stadium,South Alabama,SE Louisiana,35,17,Mobile,AL,30.6943566,-88.0430541
401524004,2023,2,2023-09-09T21:00:00.000Z,Husky Stadium,Washington,Tulsa,43,10,Houston,TX,29.6949025,-95.5167353
401524004,2023,2,2023-09-09T21:00:00.000Z,Husky Stadium,Washington,Tulsa,43,10,Saint Cloud,MN,45.5616075,-94.1642004
401524004,2023,2,2023-09-09T21:00:00.000Z,Husky Stadium,Washington,Tulsa,43,10,Seattle,WA,47.6503235,-122.3015746
401520213,2023,2,2023-09-09T21:00:00.000Z,Neyland Stadium,Tennessee,Austin Peay,30,13,Knoxville,TN,35.9550131,-83.9250128
401540310,2023,2,2023-09-09T21:00:00.000Z,UNI-Dome,Northern Iowa,Weber State,17,34,Cedar Falls,IA,42.5156111,-92.4672307
401525495,2023,2,2023-09-09T21:15:00.000Z,Kenan Stadium,North Carolina,App State,40,34,Chapel Hill,NC,35.9069294,-79.0478889
401540590,2023,2,2023-09-09T21:30:00.000Z,William B. Greene Jr. Stadium,East Tennessee State,Carson-Newman College,42,0,Johnson City,TN,36.299084,-82.374117
401540991,2023,2,2023-09-09T22:00:00.000Z,Dickerson Stadium,West Virginia State,UNC Pembroke,37,35,Institute,WV,38.3836097,-81.7654665
401525830,2023,2,2023-09-09T22:00:00.000Z,"Memorial Stadium (Norman, OK)",Oklahoma,SMU,28,11,Norman,OK,35.2058537,-97.4423145
401525492,2023,2,2023-09-09T22:00:00.000Z,Wallace Wade Stadium,Duke,Lafayette,42,7,Durham,NC,35.9953688,-78.9417564
401541064,2023,2,2023-09-09T22:00:00.000Z,Alumni Field (OH),Bluffton,Albion,20,42,Bluffton,OH,40.8934459,-83.8917849
401532399,2023,2,2023-09-09T22:00:00.000Z,InfoCision Stadium,Akron,Morgan State,24,21,Akron,OH,41.0725534,-81.5083408
401539987,2023,2,2023-09-09T22:00:00.000Z,Armstrong Stadium,Hampton,Norfolk State,23,31,Hampton,VA,37.0200894,-76.3331555
401540033,2023,2,2023-09-09T22:00:00.000Z,Joe Walton Stadium,Robert Morris,St. Francis (PA),31,21,Moon Township,PA,40.521046,-80.2159227
401532401,2023,2,2023-09-09T22:00:00.000Z,UB Stadium,Buffalo,Fordham,37,40,Amherst,NY,42.9991334,-78.7775113
401525833,2023,2,2023-09-09T22:00:00.000Z,Milan Puskar Stadium,West Virginia,Duquesne,56,17,Morgantown,WV,39.6502744,-79.9551873
401549803,2023,2,2023-09-09T22:00:00.000Z,Monarch Stadium,Methodist,Guilford College,21,39,Fayetteville,NC,35.0525759,-78.878292
401544135,2023,2,2023-09-09T22:00:00.000Z,Callaway Stadium,Lagrange College,Berry College,3,70,Lagrange,GA,33.039291,-85.0313269
401540676,2023,2,2023-09-09T22:00:00.000Z,"Luther ""Nick"" Jeralds Stadium",Fayetteville State,Lenoir-Rhyne,10,24,Fayetteville,NC,35.0525759,-78.878292
401540020,2023,2,2023-09-09T22:00:00.000Z,Bulldog Stadium,Bryant,Long Island University,21,10,Smithfield,RI,41.924206,-71.5385124
401540503,2023,2,2023-09-09T22:00:00.000Z,Johnny Unitas Stadium,Towson,Monmouth,23,42,Towson,MD,39.3885683,-76.6159716
401540047,2023,2,2023-09-09T22:00:00.000Z,Christy Mathewson-Memorial Stadium,Bucknell,VMI,21,13,Lewisburg,PA,40.9519411,-76.884752
401540616,2023,2,2023-09-09T22:00:00.000Z,Zable Stadium,William & Mary,Wofford,23,6,Williamsburg,VA,37.2730996,-76.7137202
401540605,2023,2,2023-09-09T22:00:00.000Z,Villanova Stadium,Villanova,Colgate,42,19,Villanova,PA,40.0343329,-75.3367666
401540581,2023,2,2023-09-09T22:00:00.000Z,Finley Stadium,Chattanooga,Kennesaw State,27,20,Chattanooga,TN,35.0363792,-85.3158835
401540410,2023,2,2023-09-09T22:00:00.000Z,Ernest W. Spangler Stadium,Gardner-Webb,Elon,34,27,Boiling Springs,NC,35.2457593,-81.6739887
401531842,2023,2,2023-09-09T22:00:00.000Z,S.B. Ballard Stadium,Old Dominion,Louisiana,38,31,Norfolk,VA,36.8889533,-76.3049175
401531419,2023,2,2023-09-09T22:00:00.000Z,FAU Stadium,Florida Atlantic,Ohio,10,17,Boca Raton,FL,26.3763763,-80.1015759
401531378,2023,2,2023-09-09T22:00:00.000Z,Allen E. Paulson Stadium,Georgia Southern,UAB,49,35,Statesboro,GA,32.4122471,-81.7849296
401520198,2023,2,2023-09-09T22:00:00.000Z,Williams Stadium (VA),Liberty,New Mexico State,33,17,Lynchburg,VA,37.3544305,-79.1750239
401547006,2023,2,2023-09-09T22:00:00.000Z,Shuford Stadium,Catawba,Livingstone,55,15,Salisbury,NC,35.6709727,-80.4742261
401545967,2023,2,2023-09-09T22:00:00.000Z,Mihalik-Thompson Stadium,Slippery Rock,West Chester,49,24,Slippery Rock,PA,41.0639506,-80.0564468
401545811,2023,2,2023-09-09T22:00:00.000Z,Schwan Regional Event Center,Southwest Minnesota State,Bemidji State,14,34,Marshall,MN,48.3605336,-96.381968
401552431,2023,2,2023-09-09T22:00:00.000Z,W.C. Hawkins Stadium,Allen,Columbus State,49,0,Columbia,SC,34.0007493,-81.0343313
401540803,2023,2,2023-09-09T22:00:00.000Z,Harvey Randall Wickes Memorial Stadium,Saginaw Valley State,Northwood (MI),31,8,University Center,MI,25.71414555,-80.27640498387049
401550361,2023,2,2023-09-09T22:00:00.000Z,,LYONCOLL,Belhaven,15,48,,,,
401550074,2023,2,2023-09-09T22:00:00.000Z,Carl W. Burt Memorial Stadium,Manchester,Alma,0,68,North Manchester,IN,41.0006005,-85.768597
401541865,2023,2,2023-09-09T22:00:00.000Z,Albany State University Coliseum,Albany State GA,Valdosta State,16,21,Albany,GA,31.5782062,-84.1556809
401547186,2023,2,2023-09-09T22:00:00.000Z,Homewood Field,Johns Hopkins University,Christopher Newport,20,14,Baltimore,MD,39.2908816,-76.610759
401549785,2023,2,2023-09-09T22:00:00.000Z,Daly Field at Frank R. Campbell Stadium,Averett,Greensboro College,34,7,Danville,VA,36.5859718,-79.3950228
401550323,2023,2,2023-09-09T22:00:00.000Z,W.B. Adams Stadium,Ferrum,North Carolina Wesleyan,34,0,Ferrum,VA,36.937856999999994,-80.01424992208018
401541024,2023,2,2023-09-09T22:00:00.000Z,Saxon Stadium,Mercyhurst,Lock Haven University,41,29,Erie,PA,42.1294712,-80.0852695
401540454,2023,2,2023-09-09T22:00:00.000Z,Wildcat Football Stadium,Indiana Wesleyan,Valparaiso,24,22,Marion,IN,,
401540116,2023,2,2023-09-09T22:00:00.000Z,Hornet Stadium,Alabama State,Miles College,17,21,Sacramento,CA,38.5556718,-121.4229607
401540116,2023,2,2023-09-09T22:00:00.000Z,Hornet Stadium,Alabama State,Miles College,17,21,Montgomery,AL,32.3642223,-86.2896902
401549698,2023,2,2023-09-09T22:30:00.000Z,Bentley University Football Stadium,Bentley,New Haven,13,14,Waltham,MA,42.3756401,-71.2358004
401520189,2023,2,2023-09-09T22:30:00.000Z,FIU Stadium,Florida International,North Texas,46,39,Miami,FL,25.7525014,-80.3778912
401525496,2023,2,2023-09-09T22:30:00.000Z,Acrisure Stadium,Pittsburgh,Cincinnati,21,27,Pittsburgh,PA,40.4467648,-80.0157603
401520218,2023,2,2023-09-09T23:00:00.000Z,Houchens Industries-L.T. Smith Stadium,Western Kentucky,Houston Christian,52,22,Bowling Green,KY,36.9847901,-86.4594041
401540346,2023,2,2023-09-09T23:00:00.000Z,Graham Stadium,UT Martin,Missouri State,38,31,Martin,TN,36.3448341,-88.8616245
401532576,2023,2,2023-09-09T23:00:00.000Z,Mackay Stadium,Nevada,Idaho,6,33,Reno,NV,39.5469459,-119.8175435
401525831,2023,2,2023-09-09T23:00:00.000Z,Rice Stadium,Rice,Houston,43,41,Houston,TX,29.7163297,-95.4093261
401540201,2023,2,2023-09-09T23:00:00.000Z,"Memorial Stadium (Stephenville, TX)",Tarleton State,North Alabama,52,31,Stephenville,TX,32.2191836,-98.2130634
401540125,2023,2,2023-09-09T23:00:00.000Z,Homer Bryce Stadium,Stephen F. Austin,Alcorn State,38,10,Nacogdoches,TX,31.625719,-94.6444034
401541768,2023,2,2023-09-09T23:00:00.000Z,Cliff Harris Stadium,Ouachita Baptist,Northwestern Oklahoma State,66,0,Arkadelphia,AR,34.1209292,-93.053784
401540167,2023,2,2023-09-09T23:00:00.000Z,Panther Stadium,Prairie View A&M,Abilene Christian,16,45,Prairie View,TX,30.0937874,-95.9960913
401525827,2023,2,2023-09-09T23:00:00.000Z,Albertsons Stadium,Boise State,UCF,16,18,Boise,ID,43.6028839,-116.1958882
401540746,2023,2,2023-09-09T23:00:00.000Z,Lubbers Stadium,Grand Valley State University,CSU Pueblo,57,49,Allendale,MI,42.968996,-85.894735
401545828,2023,2,2023-09-09T23:00:00.000Z,Swisher Field,Northern State,Minnesota Duluth,21,41,Aberdeen,SD,45.4649805,-98.487813
401547213,2023,2,2023-09-09T23:00:00.000Z,Schneider Stadium,Carroll University (WI),Wisconsin-Lutheran,51,7,Waukesha,WI,43.0053145,-88.24736430153254
401545843,2023,2,2023-09-09T23:00:00.000Z,Blakeslee Stadium,Minnesota State Mankato,Wayne State (NE),31,14,Mankato,MN,44.1634663,-93.9993505
401540718,2023,2,2023-09-09T23:00:00.000Z,Thone Stadium at Buerkle Field,Arkansas Tech,Southern Nazarene,31,38,Russellville,AR,35.2784173,-93.1337856
401551918,2023,2,2023-09-09T23:00:00.000Z,Edwin Fauver Stadium,University of Rochester (NY),Alfred State,49,7,Rochester,NY,43.157285,-77.615214
401550180,2023,2,2023-09-09T23:00:00.000Z,Big Cat Stadium,Minnesota Morris,Hamline University,28,49,Morris,MN,45.586072,-95.913941
401547108,2023,2,2023-09-09T23:00:00.000Z,Chalmers Field,Dubuque,Wisconsin-Platteville,19,35,Dubuque,IA,42.5006243,-90.6647985
401550095,2023,2,2023-09-09T23:00:00.000Z,Fred Zollner Athletic Stadium,Trine University,Rose-Hulman,28,30,Angola,IN,41.634874,-84.99928
401549759,2023,2,2023-09-09T23:00:00.000Z,Charles Lee Field at Samford Stadium,Huntingdon College (AL),Birmingham-Southern,16,0,Montgomery,AL,32.3669656,-86.3006485
401552542,2023,2,2023-09-09T23:00:00.000Z,Ronald J. Abdow Field,American International,Franklin Pierce,27,24,Springfield,MA,42.1018764,-72.5886727
401520187,2023,2,2023-09-09T23:00:00.000Z,Brooks Stadium (SC),Coastal Carolina,Jacksonville State,30,16,Conway,SC,33.7928506,-79.0166946
401540085,2023,2,2023-09-09T23:00:00.000Z,Louis Crews Stadium,Alabama A&M,Lane College,51,13,Huntsville,AL,34.7835363,-86.5784132
401534850,2023,2,2023-09-09T23:00:00.000Z,William H. Greene Stadium,Howard,Morehouse College,65,19,Washington,DC,38.925487,-77.021047
401550254,2023,2,2023-09-09T23:00:00.000Z,Deeds Field-Piper Stadium,Denison University,Linfield College,14,28,Granville,OH,40.0681192,-82.5196037
401541890,2023,2,2023-09-09T23:00:00.000Z,LeGrand Stadium at 1st Community Credit Union Field,Angelo State,Colorado School Of Mines,21,31,San Angelo,TX,31.4649685,-100.4405094
401547149,2023,2,2023-09-09T23:00:00.000Z,Trinity University Stadium,Trinity University TX,Mary Hardin-Baylor,35,16,San Antonio,TX,29.4246002,-98.4951405
401520197,2023,2,2023-09-09T23:00:00.000Z,Joe Aillet Stadium,Louisiana Tech,Northwestern State,51,21,Ruston,LA,32.5321487,-92.6560019
401540776,2023,2,2023-09-09T23:00:00.000Z,Convoy Leslie Cotton Boll Stadium,Arkansas-Monticello,Southwestern Oklahoma State,58,21,Monticello,AR,33.6293427,-91.7912327
401531422,2023,2,2023-09-09T23:00:00.000Z,Raymond James Stadium,South Florida,Florida A&M,38,24,Tampa,FL,27.9758691,-82.5033344
401540133,2023,2,2023-09-09T23:00:00.000Z,Simmons Bank Liberty Stadium,Tennessee State,Arkansas-Pine Bluff,24,14,Memphis,TN,35.1209429,-89.977147
401520192,2023,2,2023-09-09T23:00:00.000Z,Center Parc Stadium,Georgia State,UConn,35,14,Atlanta,GA,33.735267,-84.389949
401524002,2023,2,2023-09-09T23:00:00.000Z,Jones AT&T Stadium,Texas Tech,Oregon,30,38,Lubbock,TX,33.5910518,-101.8728824
401520206,2023,2,2023-09-09T23:00:00.000Z,Memorial Stadium,Missouri,Middle Tennessee,23,19,Terre Haute,IN,39.4746858,-87.3669599
401520206,2023,2,2023-09-09T23:00:00.000Z,Memorial Stadium,Missouri,Middle Tennessee,23,19,Lawrence,KS,38.9629418,-95.2463686
401520206,2023,2,2023-09-09T23:00:00.000Z,Memorial Stadium,Missouri,Middle Tennessee,23,19,Columbia,MO,38.9358491,-92.3332009
401545707,2023,2,2023-09-09T23:00:00.000Z,University of Charleston Stadium,University Of Charleston (WV),Concord University,54,14,Charleston,WV,38.3505995,-81.6332812
401540266,2023,2,2023-09-09T23:00:00.000Z,Dana J. Dykhouse Stadium,South Dakota State,Montana State,20,16,Brookings,SD,44.3210182,-96.7801386
401540513,2023,2,2023-09-09T23:00:00.000Z,Drake Stadium,Drake,Northwestern (IA),24,27,Des Moines,IA,41.605,-93.655
401541761,2023,2,2023-09-09T23:00:00.000Z,Paul Laird Field,Southeastern Oklahoma State,Henderson State,28,38,Durant,OK,33.9919761,-96.3776762
401547141,2023,2,2023-09-09T23:00:00.000Z,Gordon Wood Stadium,Howard Payne,Southwestern Assemblies Of God,42,10,Brownwood,TX,31.7070026,-98.9831022
401541966,2023,2,2023-09-09T23:00:00.000Z,Dwight T. Reed Stadium,Lincoln (MO),Missouri Western,14,68,Jefferson City,MO,38.577359,-92.1724265
401547081,2023,2,2023-09-09T23:00:00.000Z,J. Leslie Rollins Stadium,Buena Vista,Lakeland,16,34,Storm Lake,IA,42.6452817,-95.1992726
401541802,2023,2,2023-09-09T23:00:00.000Z,Jack Miller Stadium,Ashland,Ferris State,28,38,Ashland,OH,40.8686147,-82.3175942
401540566,2023,2,2023-09-09T23:00:00.000Z,Spec Martin Municipal Stadium,Stetson,Webber International,38,28,DeLand,FL,29.0208575,-81.2993746
401540183,2023,2,2023-09-09T23:00:00.000Z,Estes Stadium,Central Arkansas,Texas College,70,2,Conway,AR,35.0802599,-92.460045
401540494,2023,2,2023-09-09T23:00:00.000Z,Houck Field,Southeast Missouri State,Lindenwood,45,7,Cape Girardeau,MO,37.3034933,-89.5230357
401520183,2023,2,2023-09-09T23:00:00.000Z,Bryant-Denny Stadium,Alabama,Texas,24,34,Tuscaloosa,AL,33.2082752,-87.5503836
401546999,2023,2,2023-09-09T23:00:00.000Z,Setzler Field,Newberry,North Greenville,14,24,Newberry,SC,34.286133,-81.622539
401555473,2023,2,2023-09-09T23:00:00.000Z,O'Hara Field,Eastern University,Reading,30,23,Saint Davids,PA,,
401540160,2023,2,2023-09-09T23:00:00.000Z,Ace W. Mumford Stadium,Southern,Jackson State,14,27,Baton Rouge,LA,30.5221461,-91.1896087
401531427,2023,2,2023-09-09T23:00:00.000Z,Centennial Bank Stadium,Arkansas State,Memphis,3,37,Jonesboro,AR,35.8488977,-90.6677436
401539994,2023,2,2023-09-09T23:00:00.000Z,Aggie Stadium,North Carolina A&T,North Carolina Central,16,30,Greensboro,NC,36.0814337,-79.7700391
401539994,2023,2,2023-09-09T23:00:00.000Z,Aggie Stadium,North Carolina A&T,North Carolina Central,16,30,Davis,CA,38.5365266,-121.7627936
401540528,2023,2,2023-09-09T23:00:00.000Z,Five Star Stadium at the Moye Complex,Mercer,Morehead State,48,22,Macon,GA,32.8262075,-83.6522485
401520212,2023,2,2023-09-09T23:30:00.000Z,Williams-Brice Stadium,South Carolina,Furman,47,21,Columbia,SC,33.9730239,-81.0191726
401520210,2023,2,2023-09-09T23:30:00.000Z,SHI Stadium,Rutgers,Temple,36,7,Piscataway,NJ,40.5462553,-74.4660408
401520199,2023,2,2023-09-09T23:30:00.000Z,Tiger Stadium (LA),LSU,Grambling,72,10,Baton Rouge,LA,30.412035,-91.1838163
401524001,2023,2,2023-09-09T23:30:00.000Z,Snapdragon Stadium,San Diego State,UCLA,10,35,San Diego,CA,32.784444,-117.122833
401520190,2023,2,2023-09-09T23:30:00.000Z,Ben Hill Griffin Stadium,Florida,McNeese,49,7,Gainesville,FL,29.6499357,-82.3485788
401520205,2023,2,2023-09-09T23:30:00.000Z,Davis Wade Stadium,Mississippi State,Arizona,31,24,Starkville,MS,33.4563403,-88.7933652
401520217,2023,2,2023-09-09T23:30:00.000Z,Gesa Field,Washington State,Wisconsin,31,22,Pullman,WA,46.731831,-117.1604991
401520200,2023,2,2023-09-09T23:30:00.000Z,SECU Stadium,Maryland,Charlotte,38,20,College Park,MD,38.9903332,-76.9473792
401520204,2023,2,2023-09-09T23:30:00.000Z,Huntington Bank Stadium,Minnesota,Eastern Michigan,25,6,Minneapolis,MN,44.976525,-93.2245462
401532579,2023,2,2023-09-10T00:00:00.000Z,Maverik Stadium,Utah State,Idaho State,78,28,Logan,UT,41.7517394,-111.8116007
401550406,2023,2,2023-09-10T00:00:00.000Z,Ornelas Stadium,East Texas Baptist University,Hendrix College,38,37,Marshall,TX,32.5447756,-94.3661004
401531843,2023,2,2023-09-10T00:00:00.000Z,Malone Stadium,UL Monroe,Lamar,24,14,Monroe,LA,32.5308089,-92.0660602
401540981,2023,2,2023-09-10T00:00:00.000Z,"Memorial Stadium (Wichita Falls, TX)",Midwestern State,Mississippi College,30,17,Wichita Falls,TX,33.9137085,-98.4933873
401541752,2023,2,2023-09-10T00:00:00.000Z,First Security Stadium,Harding University,Oklahoma Baptist,49,10,Searcy,AR,35.9018987,-92.7098744
401541882,2023,2,2023-09-10T00:00:00.000Z,Javelina Stadium,Texas A&M-Kingsville,West Georgia,20,17,Kingsville,TX,27.5158689,-97.856109
401541044,2023,2,2023-09-10T00:00:00.000Z,Birkelbach Field,Southwestern University,Texas Lutheran,7,39,Georgetown,TX,30.6326942,-97.6772311
401525832,2023,2,2023-09-10T00:00:00.000Z,Amon G. Carter Stadium,TCU,Nicholls,41,6,Fort Worth,TX,32.7096604,-97.3680835
401532577,2023,2,2023-09-10T00:00:00.000Z,University Stadium (NM),New Mexico,Tennessee Tech,56,10,Albuquerque,NM,35.0669479,-106.6283225
401520211,2023,2,2023-09-10T00:00:00.000Z,NRG Stadium,Sam Houston,Air Force,3,13,Houston,TX,29.684722,-95.410833
401541913,2023,2,2023-09-10T00:00:00.000Z,Buffalo Stadium,West Texas A&M,Adams State,28,7,Canyon,TX,34.9799429,-101.919197
401541973,2023,2,2023-09-10T00:00:00.000Z,Ron & Carol Cope Stadium at Foster Field,Nebraska-Kearney,Northeastern State,31,17,Kearney,NE,40.4906216,-98.9472344
401525493,2023,2,2023-09-10T00:30:00.000Z,Doak Campbell Stadium,Florida State,Southern Miss,66,13,Tallahassee,FL,30.4381692,-84.3044032
401546005,2023,2,2023-09-10T01:00:00.000Z,ACU Football Field,Phoenix,Fort Lewis,49,25,Glendale,AZ,,
401532574,2023,2,2023-09-10T01:00:00.000Z,Valley Children's Stadium,Fresno State,Eastern Washington,34,31,Fresno,CA,36.8143527,-119.7580092
401540220,2023,2,2023-09-10T01:00:00.000Z,Greater Zion Stadium,Utah Tech,Montana,13,43,Saint George,UT,37.1098868,-113.5674494
401524000,2023,2,2023-09-10T01:00:00.000Z,Reser Stadium,Oregon State,UC Davis,55,7,Corvallis,OR,44.5594559,-123.2814341
401540286,2023,2,2023-09-10T02:00:00.000Z,Hornet Stadium,Sacramento State,East Texas A&M,34,6,Sacramento,CA,38.5556718,-121.4229607
401540286,2023,2,2023-09-10T02:00:00.000Z,Hornet Stadium,Sacramento State,East Texas A&M,34,6,Montgomery,AL,32.3642223,-86.2896902
401520186,2023,2,2023-09-10T02:30:00.000Z,California Memorial Stadium,California,Auburn,10,14,Berkeley,CA,37.8710434,-122.2507729
401524003,2023,2,2023-09-10T02:30:00.000Z,Los Angeles Memorial Coliseum,USC,Stanford,56,10,Los Angeles,CA,34.014167,-118.287778
401523998,2023,2,2023-09-10T02:30:00.000Z,Mountain America Stadium,Arizona State,Oklahoma State,15,27,Tempe,AZ,33.4264471,-111.9325005
401532575,2023,2,2023-09-10T03:59:00.000Z,Clarence T.C. Ching Athletics Complex,Hawai'i,UAlbany,31,20,Honolulu,HI,21.294294,-157.819338
